{
  "config": {
    "hidden_channels": 128,
    "num_layers": 2,
    "lr": 0.0005,
    "loss": "bpr",
    "mode": "with_net",
    "seeds": [
      42,
      0,
      1
    ]
  },
  "val_metrics": {
    "HitRate@1": {
      "mean": 0.20167074309075658,
      "std": 0.0032623377481285814
    },
    "HitRate@5": {
      "mean": 0.5423770869518981,
      "std": 0.0018475648708082837
    },
    "HitRate@10": {
      "mean": 0.7374782886108256,
      "std": 0.002094884525667471
    },
    "HitRate@20": {
      "mean": 0.9048952536244728,
      "std": 0.00044930826844922573
    },
    "Recall@1": {
      "mean": 0.20167074309075658,
      "std": 0.0032623377481285814
    },
    "Recall@5": {
      "mean": 0.5423770869518981,
      "std": 0.0018475648708082837
    },
    "Recall@10": {
      "mean": 0.7374782886108256,
      "std": 0.002094884525667471
    },
    "Recall@20": {
      "mean": 0.9048952536244728,
      "std": 0.00044930826844922573
    },
    "NDCG@1": {
      "mean": 0.20167074309075658,
      "std": 0.0032623377481285814
    },
    "NDCG@5": {
      "mean": 0.3753969565899878,
      "std": 0.0026868774939995408
    },
    "NDCG@10": {
      "mean": 0.43852012136806984,
      "std": 0.002634411865159669
    },
    "NDCG@20": {
      "mean": 0.4811313539858437,
      "std": 0.0023413660801677254
    },
    "MRR": {
      "mean": 0.36177642333738813,
      "std": 0.0028416439060836144
    },
    "n_users_evaluated": 28211
  },
  "test_metrics": {
    "HitRate@1": {
      "mean": 0.2100953528765375,
      "std": 0.0027786297628608746
    },
    "HitRate@5": {
      "mean": 0.553649285739605,
      "std": 0.0028538821321995485
    },
    "HitRate@10": {
      "mean": 0.7443550388146467,
      "std": 0.0021933366604048985
    },
    "HitRate@20": {
      "mean": 0.9060295629364431,
      "std": 0.0006806102028246406
    },
    "Recall@1": {
      "mean": 0.2100953528765375,
      "std": 0.0027786297628608746
    },
    "Recall@5": {
      "mean": 0.553649285739605,
      "std": 0.0028538821321995485
    },
    "Recall@10": {
      "mean": 0.7443550388146467,
      "std": 0.0021933366604048985
    },
    "Recall@20": {
      "mean": 0.9060295629364431,
      "std": 0.0006806102028246406
    },
    "NDCG@1": {
      "mean": 0.2100953528765375,
      "std": 0.0027786297628608746
    },
    "NDCG@5": {
      "mean": 0.38571446025743256,
      "std": 0.003033560250527548
    },
    "NDCG@10": {
      "mean": 0.4475472797849869,
      "std": 0.002807010123297386
    },
    "NDCG@20": {
      "mean": 0.48874054270267847,
      "std": 0.0023523012073232885
    },
    "MRR": {
      "mean": 0.3708406336964021,
      "std": 0.0028544794059458855
    },
    "n_users_evaluated": 28211
  },
  "per_seed_val": [
    {
      "HitRate@1": 0.206231611782638,
      "HitRate@5": 0.5443266810818475,
      "HitRate@10": 0.7384353620928007,
      "HitRate@20": 0.905462408280458,
      "Recall@1": 0.206231611782638,
      "Recall@5": 0.5443266810818475,
      "Recall@10": 0.7384353620928007,
      "Recall@20": 0.905462408280458,
      "NDCG@1": 0.206231611782638,
      "NDCG@5": 0.3787485185133977,
      "NDCG@10": 0.4415550658060601,
      "NDCG@20": 0.4840561658314718,
      "MRR": 0.3653828205823488,
      "n_users_evaluated": 28211.0
    },
    {
      "HitRate@1": 0.19999291056680019,
      "HitRate@5": 0.5429087944418843,
      "HitRate@10": 0.7394278827407749,
      "HitRate@20": 0.9048598064584736,
      "Recall@1": 0.19999291056680019,
      "Recall@5": 0.5429087944418843,
      "Recall@10": 0.7394278827407749,
      "Recall@20": 0.9048598064584736,
      "NDCG@1": 0.19999291056680019,
      "NDCG@5": 0.37527173698044014,
      "NDCG@10": 0.43887401843563345,
      "NDCG@20": 0.4810132320482035,
      "MRR": 0.3615087488329627,
      "n_users_evaluated": 28211.0
    },
    {
      "HitRate@1": 0.19878770692283151,
      "HitRate@5": 0.5398957853319627,
      "HitRate@10": 0.7345716209989012,
      "HitRate@20": 0.9043635461344866,
      "Recall@1": 0.19878770692283151,
      "Recall@5": 0.5398957853319627,
      "Recall@10": 0.7345716209989012,
      "Recall@20": 0.9043635461344866,
      "NDCG@1": 0.19878770692283151,
      "NDCG@5": 0.37217061427612563,
      "NDCG@10": 0.43513127986251604,
      "NDCG@20": 0.47832466407785573,
      "MRR": 0.35843770059685287,
      "n_users_evaluated": 28211.0
    }
  ],
  "per_seed_test": [
    {
      "HitRate@1": 0.21374641097444258,
      "HitRate@5": 0.5574066853355074,
      "HitRate@10": 0.7463755272765943,
      "HitRate@20": 0.9059941157704442,
      "Recall@1": 0.21374641097444258,
      "Recall@5": 0.5574066853355074,
      "Recall@10": 0.7463755272765943,
      "Recall@20": 0.9059941157704442,
      "NDCG@1": 0.21374641097444258,
      "NDCG@5": 0.3896551320793164,
      "NDCG@10": 0.4509640835991142,
      "NDCG@20": 0.4916153933379397,
      "MRR": 0.37446438321090864,
      "n_users_evaluated": 28211.0
    },
    {
      "HitRate@1": 0.20952819822055227,
      "HitRate@5": 0.5530466839176208,
      "HitRate@10": 0.74538300662862,
      "HitRate@20": 0.9068802949204211,
      "Recall@1": 0.20952819822055227,
      "Recall@5": 0.5530466839176208,
      "Recall@10": 0.74538300662862,
      "Recall@20": 0.9068802949204211,
      "NDCG@1": 0.20952819822055227,
      "NDCG@5": 0.3852128179443964,
      "NDCG@10": 0.44758903430529323,
      "NDCG@20": 0.4887527403786794,
      "MRR": 0.3705693460384519,
      "n_users_evaluated": 28211.0
    },
    {
      "HitRate@1": 0.2070114494346177,
      "HitRate@5": 0.5504944879656871,
      "HitRate@10": 0.741306582538726,
      "HitRate@20": 0.9052142781184644,
      "Recall@1": 0.2070114494346177,
      "Recall@5": 0.5504944879656871,
      "Recall@10": 0.741306582538726,
      "Recall@20": 0.9052142781184644,
      "NDCG@1": 0.2070114494346177,
      "NDCG@5": 0.38227543074858494,
      "NDCG@10": 0.44408872145055317,
      "NDCG@20": 0.48585349439141623,
      "MRR": 0.3674881718398458,
      "n_users_evaluated": 28211.0
    }
  ],
  "train_roc_history": [
    [
      0.865912338256836,
      0.8815988311767577,
      0.8729649505615233,
      0.8760742721557616,
      0.8703324127197266,
      0.871839714050293,
      0.8884809799194334,
      0.8784147796630859,
      0.8838999481201172,
      0.8820431747436523,
      0.8888274154663086,
      0.8886773071289062,
      0.8887290573120117,
      0.8928256378173829,
      0.88988916015625,
      0.8959231872558594,
      0.8952448120117188,
      0.8934991912841798,
      0.8965947647094726,
      0.9001666564941406
    ],
    [
      0.8642051239013672,
      0.8777791900634766,
      0.8768527984619141,
      0.8725371475219728,
      0.8787700347900389,
      0.8778280105590821,
      0.8807641143798829,
      0.8848292083740235,
      0.8900394134521485,
      0.8879060668945312,
      0.8887766876220702,
      0.8946367950439453,
      0.8966292724609376,
      0.8929258651733397,
      0.8922431030273437,
      0.8954918746948242,
      0.8918318176269532,
      0.8941757888793945,
      0.892653778076172,
      0.8990439758300782
    ],
    [
      0.8682380218505859,
      0.8650635299682616,
      0.8750497894287109,
      0.8743123550415038,
      0.8785787353515625,
      0.8839759063720705,
      0.8829004211425779,
      0.8900703735351564,
      0.8901533355712892,
      0.8914385833740234,
      0.8975055389404296,
      0.8898191986083985,
      0.8959374160766602,
      0.8944736328124999,
      0.8973386840820313,
      0.8993489379882813,
      0.8970373077392578,
      0.901172378540039,
      0.9047522430419921,
      0.8991043243408203
    ]
  ],