{
  "config": {
    "hidden_channels": 128,
    "num_layers": 2,
    "lr": 0.0005,
    "loss": "bpr",
    "mode": "no_net",
    "seeds": [
      42,
      0,
      1
    ]
  },
  "val_metrics": {
    "HitRate@1": {
      "mean": 0.19706261151087637,
      "std": 0.0021390699613669166
    },
    "HitRate@5": {
      "mean": 0.5366110146160481,
      "std": 0.001723314040953713
    },
    "HitRate@10": {
      "mean": 0.7329410513629435,
      "std": 0.000946291070867197
    },
    "HitRate@20": {
      "mean": 0.9026030035565323,
      "std": 0.001336796344095691
    },
    "Recall@1": {
      "mean": 0.19706261151087637,
      "std": 0.0021390699613669166
    },
    "Recall@5": {
      "mean": 0.5366110146160481,
      "std": 0.001723314040953713
    },
    "Recall@10": {
      "mean": 0.7329410513629435,
      "std": 0.000946291070867197
    },
    "Recall@20": {
      "mean": 0.9026030035565323,
      "std": 0.001336796344095691
    },
    "NDCG@1": {
      "mean": 0.19706261151087637,
      "std": 0.0021390699613669166
    },
    "NDCG@5": {
      "mean": 0.3702095352950478,
      "std": 0.0019914445357986006
    },
    "NDCG@10": {
      "mean": 0.43380432412194336,
      "std": 0.0017292775790078883
    },
    "NDCG@20": {
      "mean": 0.47701579769723823,
      "std": 0.0018145508635730018
    },
    "MRR": {
      "mean": 0.3572968258547633,
      "std": 0.001979018331351261
    },
    "n_users_evaluated": 28211
  },
  "test_metrics": {
    "HitRate@1": {
      "mean": 0.2065506362766297,
      "std": 0.0017588367984198035
    },
    "HitRate@5": {
      "mean": 0.5471388229177744,
      "std": 0.0027033483675868884
    },
    "HitRate@10": {
      "mean": 0.7407985064927392,
      "std": 0.002029348103569432
    },
    "HitRate@20": {
      "mean": 0.9050370422884692,
      "std": 0.0015807475457904137
    },
    "Recall@1": {
      "mean": 0.2065506362766297,
      "std": 0.0017588367984198035
    },
    "Recall@5": {
      "mean": 0.5471388229177744,
      "std": 0.0027033483675868884
    },
    "Recall@10": {
      "mean": 0.7407985064927392,
      "std": 0.002029348103569432
    },
    "Recall@20": {
      "mean": 0.9050370422884692,
      "std": 0.0015807475457904137
    },
    "NDCG@1": {
      "mean": 0.2065506362766297,
      "std": 0.0017588367984198035
    },
    "NDCG@5": {
      "mean": 0.38022117529401783,
      "std": 0.002152378436292186
    },
    "NDCG@10": {
      "mean": 0.44295797316604885,
      "std": 0.0019150932058730236
    },
    "NDCG@20": {
      "mean": 0.48474467284686334,
      "std": 0.0018075941268328173
    },
    "MRR": {
      "mean": 0.36625298808607737,
      "std": 0.0017907527282972346
    },
    "n_users_evaluated": 28211
  },
  "per_seed_val": [
    {
      "HitRate@1": 0.1947112828329375,
      "HitRate@5": 0.535500336748077,
      "HitRate@10": 0.7316295062209777,
      "HitRate@20": 0.9007124880365814,
      "Recall@1": 0.1947112828329375,
      "Recall@5": 0.535500336748077,
      "Recall@10": 0.7316295062209777,
      "Recall@20": 0.9007124880365814,
      "NDCG@1": 0.1947112828329375,
      "NDCG@5": 0.3682775164330584,
      "NDCG@10": 0.431815487087119,
      "NDCG@20": 0.47482794372700576,
      "MRR": 0.3550837528494912,
      "n_users_evaluated": 28211.0
    },
    {
      "HitRate@1": 0.19658998263088867,
      "HitRate@5": 0.5352876537520825,
      "HitRate@10": 0.7333664173549325,
      "HitRate@20": 0.9035482613165078,
      "Recall@1": 0.19658998263088867,
      "Recall@5": 0.5352876537520825,
      "Recall@10": 0.7333664173549325,
      "Recall@20": 0.9035482613165078,
      "NDCG@1": 0.19658998263088867,
      "NDCG@5": 0.3694009308676408,
      "NDCG@10": 0.43356626673509935,
      "NDCG@20": 0.4769483188495622,
      "MRR": 0.3569196166788081,
      "n_users_evaluated": 28211.0
    },
    {
      "HitRate@1": 0.19988656906880295,
      "HitRate@5": 0.5390450533479848,
      "HitRate@10": 0.7338272305129205,
      "HitRate@20": 0.9035482613165078,
      "Recall@1": 0.19988656906880295,
      "Recall@5": 0.5390450533479848,
      "Recall@10": 0.7338272305129205,
      "Recall@20": 0.9035482613165078,
      "NDCG@1": 0.19988656906880295,
      "NDCG@5": 0.3729501585844441,
      "NDCG@10": 0.4360312185436118,
      "NDCG@20": 0.4792711305151467,
      "MRR": 0.35988710803599067,
      "n_users_evaluated": 28211.0
    }
  ],
  "per_seed_test": [
    {
      "HitRate@1": 0.20414022898869236,
      "HitRate@5": 0.5435113962638687,
      "HitRate@10": 0.7379391017688136,
      "HitRate@20": 0.902803870830527,
      "Recall@1": 0.20414022898869236,
      "Recall@5": 0.5435113962638687,
      "Recall@10": 0.7379391017688136,
      "Recall@20": 0.902803870830527,
      "NDCG@1": 0.20414022898869236,
      "NDCG@5": 0.377268748631156,
      "NDCG@10": 0.44025685582993107,
      "NDCG@20": 0.48220062060387214,
      "MRR": 0.3637418836481267,
      "n_users_evaluated": 28211.0
    },
    {
      "HitRate@1": 0.20722413243061216,
      "HitRate@5": 0.5479068448477544,
      "HitRate@10": 0.7424408918506965,
      "HitRate@20": 0.9060650101024423,
      "Recall@1": 0.20722413243061216,
      "Recall@5": 0.5479068448477544,
      "Recall@10": 0.7424408918506965,
      "Recall@20": 0.9060650101024423,
      "NDCG@1": 0.20722413243061216,
      "NDCG@5": 0.38105591999812505,
      "NDCG@10": 0.44413722265990935,
      "NDCG@20": 0.4858000346433314,
      "MRR": 0.36722400757031975,
      "n_users_evaluated": 28211.0
    },
    {
      "HitRate@1": 0.20828754741058453,
      "HitRate@5": 0.5499982276417,
      "HitRate@10": 0.7420155258587076,
      "HitRate@20": 0.9062422459324377,
      "Recall@1": 0.20828754741058453,
      "Recall@5": 0.5499982276417,
      "Recall@10": 0.7420155258587076,
      "Recall@20": 0.9062422459324377,
      "NDCG@1": 0.20828754741058453,
      "NDCG@5": 0.38233885725277234,
      "NDCG@10": 0.4444798410083061,
      "NDCG@20": 0.4862333632933863,
      "MRR": 0.3677930730397855,
      "n_users_evaluated": 28211.0
    }
  ],
  "train_roc_history": [
    [
      0.86293212890625,
      0.8743046874999999,
      0.88335791015625,
      0.8889788818359374,
      0.878549560546875,
      0.8889597167968749,
      0.89248779296875,
      0.8943715820312501,
      0.8901293945312501,
      0.8836484375,
      0.9003884277343749,
      0.901188720703125,
      0.88733544921875,
      0.8926950683593748,
      0.89738427734375,
      0.9001540527343751,
      0.89705615234375,
      0.895216796875,
      0.8959238281249999,
      0.891615234375
    ],
    [
      0.8569091796874999,
      0.8685556640625001,
      0.8837587890625,
      0.8799858398437499,
      0.8776347656250001,
      0.87867724609375,
      0.8845566406250001,
      0.89138916015625,
      0.89885986328125,
      0.8934848632812499,
      0.9053720703125,
      0.8881142578125,
      0.8857841796875,
      0.881265380859375,
      0.889197509765625,
      0.8965493164062501,
      0.90004931640625,
      0.8960576171875001,
      0.894318115234375,
      0.8979885253906249
    ],
    [
      0.8702568359374999,
      0.86834228515625,
      0.866417236328125,
      0.8884182128906248,
      0.8770869140625002,
      0.8730903320312501,
      0.8961638183593751,
      0.8910114746093749,
      0.8845690917968749,
      0.89987744140625,
      0.895869140625,
      0.8937810058593749,
      0.8909482421874999,
      0.8916904296874999,
      0.8973037109375,
      0.8923291015624999,
      0.9006552734375,
      0.897264404296875,
      0.8958759765625001,
      0.899702880859375
    ]
  ],