{
  "model_type": "xgb",
  "dataset_type": "embeddings_only",
  "seed": 42,
  "train_rows": 43494594,
  "val_rows": 2849311,
  "test_rows": 2849311,
  "xgb_njobs": 8,
  "learning_curve_max_rows": 1000000,
  "best_params": {
    "n_estimators": 300,
    "max_depth": 6,
    "learning_rate": 0.05,
    "min_child_weight": 5,
    "subsample": 0.8,
    "colsample_bytree": 0.8,
    "reg_lambda": 1.0,
    "reg_alpha": 0.1
  },
  "best_val": {
    "trial": 3,
    "n_estimators": 300,
    "max_depth": 6,
    "learning_rate": 0.05,
    "min_child_weight": 5,
    "subsample": 0.8,
    "colsample_bytree": 0.8,
    "reg_lambda": 1.0,
    "reg_alpha": 0.1,
    "fit_seconds": 1204.3721148967743,
    "val_roc_auc": 0.8630958344018675,
    "n_users_evaluated": 28211,
    "HitRate@1": 0.09992556095140194,
    "Recall@1": 0.09992556095140194,
    "NDCG@1": 0.09992556095140194,
    "HitRate@5": 0.3291269363014427,
    "Recall@5": 0.3291269363014427,
    "NDCG@5": 0.21591226045731915,
    "HitRate@10": 0.49966325192300876,
    "Recall@10": 0.49966325192300876,
    "NDCG@10": 0.2705501124021008,
    "HitRate@20": 0.7410584523767325,
    "Recall@20": 0.7410584523767325,
    "NDCG@20": 0.33136151329783203,
    "MRR": 0.22610833895676646
  },
  "test_roc_auc": 0.8652521319247597,
  "n_users_evaluated": 28211,
  "HitRate@1": 0.10612881500124065,
  "Recall@1": 0.10612881500124065,
  "NDCG@1": 0.10612881500124065,
  "HitRate@5": 0.3431285668710787,
  "Recall@5": 0.3431285668710787,
  "NDCG@5": 0.22622908929954413,
  "HitRate@10": 0.5091630924107617,
  "Recall@10": 0.5091630924107617,
  "NDCG@10": 0.27951479942938,
  "HitRate@20": 0.7474389422565666,
  "Recall@20": 0.7474389422565666,
  "NDCG@20": 0.3395649118854531,
  "MRR": 0.23425836968159186
}