{
  "model_type": "xgb",
  "dataset_type": "embeddings_and_basic_info",
  "seed": 42,
  "train_rows": 43494594,
  "val_rows": 2849311,
  "test_rows": 2849311,
  "xgb_njobs": 8,
  "learning_curve_max_rows": 1000000,
  "best_params": {
    "n_estimators": 300,
    "max_depth": 6,
    "learning_rate": 0.1,
    "min_child_weight": 5,
    "subsample": 0.8,
    "colsample_bytree": 0.8,
    "reg_lambda": 2.0,
    "reg_alpha": 0.1
  },
  "best_val": {
    "trial": 4,
    "n_estimators": 300,
    "max_depth": 6,
    "learning_rate": 0.1,
    "min_child_weight": 5,
    "subsample": 0.8,
    "colsample_bytree": 0.8,
    "reg_lambda": 2.0,
    "reg_alpha": 0.1,
    "fit_seconds": 1008.4541711807251,
    "val_roc_auc": 0.8957247911157538,
    "n_users_evaluated": 28211,
    "HitRate@1": 0.14625500691219737,
    "Recall@1": 0.14625500691219737,
    "NDCG@1": 0.14625500691219737,
    "HitRate@5": 0.40842224664138105,
    "Recall@5": 0.40842224664138105,
    "NDCG@5": 0.27786623299263863,
    "HitRate@10": 0.6006876750203821,
    "Recall@10": 0.6006876750203821,
    "NDCG@10": 0.33969732696575794,
    "HitRate@20": 0.8243947396405658,
    "Recall@20": 0.8243947396405658,
    "NDCG@20": 0.39628205075546175,
    "MRR": 0.2819447630134074
  },
  "test_roc_auc": 0.8984196370886451,
  "n_users_evaluated": 28211,
  "HitRate@1": 0.15873240934387295,
  "Recall@1": 0.15873240934387295,
  "NDCG@1": 0.15873240934387295,
  "HitRate@5": 0.42036794158307045,
  "Recall@5": 0.42036794158307045,
  "NDCG@5": 0.2911270281102486,
  "HitRate@10": 0.6116762964800965,
  "Recall@10": 0.6116762964800965,
  "NDCG@10": 0.3528269063107399,
  "HitRate@20": 0.829924497536422,
  "Recall@20": 0.829924497536422,
  "NDCG@20": 0.4080475869535707,
  "MRR": 0.2949994593681889
}