{
  "model_type": "xgb",
  "dataset_type": "baseline_log_user_count",
  "seed": 42,
  "train_rows": 43494594,
  "val_rows": 2849311,
  "test_rows": 2849311,
  "xgb_njobs": 8,
  "ohe_max_categories": 100,
  "ohe_min_frequency": 50,
  "learning_curve_max_rows": 1000000,
  "best_params": {
    "n_estimators": 300,
    "max_depth": 6,
    "learning_rate": 0.1,
    "min_child_weight": 5,
    "subsample": 0.8,
    "colsample_bytree": 0.8,
    "reg_lambda": 2.0,
    "reg_alpha": 0.1
  },
  "best_val": {
    "trial": 4,
    "n_estimators": 300,
    "max_depth": 6,
    "learning_rate": 0.1,
    "min_child_weight": 5,
    "subsample": 0.8,
    "colsample_bytree": 0.8,
    "reg_lambda": 2.0,
    "reg_alpha": 0.1,
    "fit_seconds": 787.4654371738434,
    "val_roc_auc": 0.9675848595083159,
    "n_users_evaluated": 28211,
    "HitRate@1": 0.7677501683740385,
    "Recall@1": 0.7677501683740385,
    "NDCG@1": 0.7677501683740385,
    "HitRate@5": 0.8558009287157492,
    "Recall@5": 0.8558009287157492,
    "NDCG@5": 0.8144208713297612,
    "HitRate@10": 0.8961398036227004,
    "Recall@10": 0.8961398036227004,
    "NDCG@10": 0.827416677960548,
    "HitRate@20": 0.9377547765056183,
    "Recall@20": 0.9377547765056183,
    "NDCG@20": 0.837961419355058,
    "MRR": 0.810688211993524
  },
  "test_roc_auc": 0.9670098515541268,
  "n_users_evaluated": 28211,
  "HitRate@1": 0.7699833398319804,
  "Recall@1": 0.7699833398319804,
  "NDCG@1": 0.7699833398319804,
  "HitRate@5": 0.8582113360036865,
  "Recall@5": 0.8582113360036865,
  "NDCG@5": 0.8172154819912589,
  "HitRate@10": 0.8951118358087271,
  "Recall@10": 0.8951118358087271,
  "NDCG@10": 0.8291170470938715,
  "HitRate@20": 0.9363014426996562,
  "Recall@20": 0.9363014426996562,
  "NDCG@20": 0.8395611181090973,
  "MRR": 0.8131311751978452
}