{
  "model_type": "xgb",
  "dataset_type": "baseline_fake_emb_corr97_spearman",
  "seed": 42,
  "fake_embedding_source_col": "user_count",
  "fake_embedding_col": "fake_emb_0_from_user_count",
  "fake_embedding_target_corr": 0.97,
  "train_rows": 43494594,
  "val_rows": 2849311,
  "test_rows": 2849311,
  "xgb_njobs": 8,
  "ohe_max_categories": 100,
  "ohe_min_frequency": 50,
  "learning_curve_max_rows": 1000000,
  "best_params": {
    "n_estimators": 300,
    "max_depth": 6,
    "learning_rate": 0.1,
    "min_child_weight": 5,
    "subsample": 0.8,
    "colsample_bytree": 0.8,
    "reg_lambda": 2.0,
    "reg_alpha": 0.1
  },
  "best_val": {
    "trial": 4,
    "n_estimators": 300,
    "max_depth": 6,
    "learning_rate": 0.1,
    "min_child_weight": 5,
    "subsample": 0.8,
    "colsample_bytree": 0.8,
    "reg_lambda": 2.0,
    "reg_alpha": 0.1,
    "fit_seconds": 860.8549852371216,
    "val_roc_auc": 0.968617433487444,
    "n_users_evaluated": 28211,
    "HitRate@1": 0.7751586260678459,
    "Recall@1": 0.7751586260678459,
    "NDCG@1": 0.7751586260678459,
    "HitRate@5": 0.8606571904576229,
    "Recall@5": 0.8606571904576229,
    "NDCG@5": 0.8206755582148089,
    "HitRate@10": 0.898691999574634,
    "Recall@10": 0.898691999574634,
    "NDCG@10": 0.8329794469113638,
    "HitRate@20": 0.9394916876395732,
    "Recall@20": 0.9394916876395732,
    "NDCG@20": 0.8433240001916459,
    "MRR": 0.8170543967853339
  },
  "test_roc_auc": 0.9680613548300381,
  "n_users_evaluated": 28211,
  "HitRate@1": 0.7772854560277905,
  "Recall@1": 0.7772854560277905,
  "NDCG@1": 0.7772854560277905,
  "HitRate@5": 0.8621105242635851,
  "Recall@5": 0.8621105242635851,
  "NDCG@5": 0.8226856713673754,
  "HitRate@10": 0.8984793165786396,
  "Recall@10": 0.8984793165786396,
  "NDCG@10": 0.8344264083804738,
  "HitRate@20": 0.9383573783276027,
  "Recall@20": 0.9383573783276027,
  "NDCG@20": 0.8445158519603988,
  "MRR": 0.8188921165181672
}