{
  "model_type": "xgb",
  "dataset_type": "baseline_fake_emb_corr97",
  "seed": 42,
  "fake_embedding_source_col": "user_count",
  "fake_embedding_col": "fake_emb_0_from_user_count",
  "fake_embedding_target_corr": 0.97,
  "train_rows": 43494594,
  "val_rows": 2849311,
  "test_rows": 2849311,
  "xgb_njobs": 8,
  "ohe_max_categories": 100,
  "ohe_min_frequency": 50,
  "learning_curve_max_rows": 1000000,
  "best_params": {
    "n_estimators": 300,
    "max_depth": 6,
    "learning_rate": 0.1,
    "min_child_weight": 5,
    "subsample": 0.8,
    "colsample_bytree": 0.8,
    "reg_lambda": 2.0,
    "reg_alpha": 0.1
  },
  "best_val": {
    "trial": 4,
    "n_estimators": 300,
    "max_depth": 6,
    "learning_rate": 0.1,
    "min_child_weight": 5,
    "subsample": 0.8,
    "colsample_bytree": 0.8,
    "reg_lambda": 2.0,
    "reg_alpha": 0.1,
    "fit_seconds": 605.1664135456085,
    "val_roc_auc": 0.9694697579301084,
    "n_users_evaluated": 28211,
    "HitRate@1": 0.774733260075857,
    "Recall@1": 0.774733260075857,
    "NDCG@1": 0.774733260075857,
    "HitRate@5": 0.8637765410655418,
    "Recall@5": 0.8637765410655418,
    "NDCG@5": 0.8220070389040371,
    "HitRate@10": 0.9020240331785474,
    "Recall@10": 0.9020240331785474,
    "NDCG@10": 0.8343458502987102,
    "HitRate@20": 0.9419020949275105,
    "Recall@20": 0.9419020949275105,
    "NDCG@20": 0.8444730097106367,
    "MRR": 0.8176659684623172
  },
  "test_roc_auc": 0.9686838326662015,
  "n_users_evaluated": 28211,
  "HitRate@1": 0.7755485448938357,
  "Recall@1": 0.7755485448938357,
  "NDCG@1": 0.7755485448938357,
  "HitRate@5": 0.8640246712275353,
  "Recall@5": 0.8640246712275353,
  "NDCG@5": 0.8224188749101494,
  "HitRate@10": 0.9020949275105455,
  "Recall@10": 0.9020949275105455,
  "NDCG@10": 0.8346989634640489,
  "HitRate@20": 0.9404133139555493,
  "Recall@20": 0.9404133139555493,
  "NDCG@20": 0.844419586380159,
  "MRR": 0.8179992739930042
}