{
  "model_type": "xgb",
  "dataset_type": "baseline",
  "seed": 42,
  "train_rows": 43494594,
  "val_rows": 2849311,
  "test_rows": 2849311,
  "xgb_njobs": 8,
  "ohe_max_categories": 100,
  "ohe_min_frequency": 50,
  "learning_curve_max_rows": 1000000,
  "best_params": {
    "n_estimators": 300,
    "max_depth": 6,
    "learning_rate": 0.1,
    "min_child_weight": 5,
    "subsample": 0.8,
    "colsample_bytree": 0.8,
    "reg_lambda": 2.0,
    "reg_alpha": 0.1
  },
  "best_val": {
    "trial": 4,
    "n_estimators": 300,
    "max_depth": 6,
    "learning_rate": 0.1,
    "min_child_weight": 5,
    "subsample": 0.8,
    "colsample_bytree": 0.8,
    "reg_lambda": 2.0,
    "reg_alpha": 0.1,
    "fit_seconds": 829.2596621513367,
    "val_roc_auc": 0.897312017158092,
    "n_users_evaluated": 28211,
    "HitRate@1": 0.1702881854595725,
    "Recall@1": 0.1702881854595725,
    "NDCG@1": 0.1702881854595725,
    "HitRate@5": 0.43164014037077736,
    "Recall@5": 0.43164014037077736,
    "NDCG@5": 0.3021694775737986,
    "HitRate@10": 0.6175959732019425,
    "Recall@10": 0.6175959732019425,
    "NDCG@10": 0.3620214420868296,
    "HitRate@20": 0.81999929105668,
    "Recall@20": 0.81999929105668,
    "NDCG@20": 0.4132721962143769,
    "MRR": 0.30439227248765816
  },
  "test_roc_auc": 0.898825278116792,
  "n_users_evaluated": 28211,
  "HitRate@1": 0.17876005813335225,
  "Recall@1": 0.17876005813335225,
  "NDCG@1": 0.17876005813335225,
  "HitRate@5": 0.4426642089964907,
  "Recall@5": 0.4426642089964907,
  "NDCG@5": 0.3123512229518346,
  "HitRate@10": 0.625500691219737,
  "Recall@10": 0.625500691219737,
  "NDCG@10": 0.37125162655488037,
  "HitRate@20": 0.8226578285066108,
  "Recall@20": 0.8226578285066108,
  "NDCG@20": 0.42125113163138717,
  "MRR": 0.31345076987935355
}