{
  "model_type": "xgb",
  "dataset_type": "usercount_emb0_only",
  "seed": 42,
  "train_rows": 43494594,
  "val_rows": 2849311,
  "test_rows": 2849311,
  "xgb_njobs": 8,
  "best_params": {
    "n_estimators": 500,
    "max_depth": 5,
    "learning_rate": 0.03,
    "min_child_weight": 5,
    "subsample": 1.0,
    "colsample_bytree": 1.0,
    "reg_lambda": 2.0,
    "reg_alpha": 0.1
  },
  "best_val": {
    "trial": 5,
    "n_estimators": 500,
    "max_depth": 5,
    "learning_rate": 0.03,
    "min_child_weight": 5,
    "subsample": 1.0,
    "colsample_bytree": 1.0,
    "reg_lambda": 2.0,
    "reg_alpha": 0.1,
    "fit_seconds": 372.08592557907104,
    "val_roc_auc": 0.9958910633600835,
    "n_users_evaluated": 28211,
    "HitRate@1": 0.9557264896671511,
    "Recall@1": 0.9557264896671511,
    "NDCG@1": 0.9557264896671511,
    "HitRate@5": 0.9797242210485272,
    "Recall@5": 0.9797242210485272,
    "NDCG@5": 0.9685972421265219,
    "HitRate@10": 0.9881606465563079,
    "Recall@10": 0.9881606465563079,
    "NDCG@10": 0.9713483920465514,
    "HitRate@20": 0.9941866647761511,
    "Recall@20": 0.9941866647761511,
    "NDCG@20": 0.9728905585402129,
    "MRR": 0.9666331813942379
  },
  "test_roc_auc": 0.9956989212309476,
  "n_users_evaluated": 28211,
  "HitRate@1": 0.9528552692212258,
  "Recall@1": 0.9528552692212258,
  "NDCG@1": 0.9528552692212258,
  "HitRate@5": 0.9792279607245401,
  "Recall@5": 0.9792279607245401,
  "NDCG@5": 0.9670199796936525,
  "HitRate@10": 0.9878416220623161,
  "Recall@10": 0.9878416220623161,
  "NDCG@10": 0.9698228477061712,
  "HitRate@20": 0.9936549572861649,
  "Recall@20": 0.9936549572861649,
  "NDCG@20": 0.9713046652004863,
  "MRR": 0.9647126537762174
}