{
  "model_type": "xgb",
  "dataset_type": "user_count",
  "seed": 42,
  "train_rows": 43494594,
  "val_rows": 2849311,
  "test_rows": 2849311,
  "xgb_njobs": 8,
  "best_params": {
    "n_estimators": 200,
    "max_depth": 3,
    "learning_rate": 0.05,
    "min_child_weight": 3,
    "subsample": 0.8,
    "colsample_bytree": 1.0,
    "reg_lambda": 1.0,
    "reg_alpha": 0.0
  },
  "best_val": {
    "trial": 1,
    "n_estimators": 200,
    "max_depth": 3,
    "learning_rate": 0.05,
    "min_child_weight": 3,
    "subsample": 0.8,
    "colsample_bytree": 1.0,
    "reg_lambda": 1.0,
    "reg_alpha": 0.0,
    "fit_seconds": 239.99270629882812,
    "val_roc_auc": 0.8651535212160624,
    "n_users_evaluated": 28211,
    "HitRate@1": 0.15479777391797525,
    "Recall@1": 0.15479777391797525,
    "NDCG@1": 0.15479777391797525,
    "HitRate@5": 0.3601077593846372,
    "Recall@5": 0.3601077593846372,
    "NDCG@5": 0.25635107324707074,
    "HitRate@10": 0.5101556130587359,
    "Recall@10": 0.5101556130587359,
    "NDCG@10": 0.30428294615819457,
    "HitRate@20": 0.7374782886108255,
    "Recall@20": 0.7374782886108255,
    "NDCG@20": 0.361747179741101,
    "MRR": 0.2663044139271856
  },
  "test_roc_auc": 0.8655735766983722,
  "n_users_evaluated": 28211,
  "HitRate@1": 0.15550671723795684,
  "Recall@1": 0.15550671723795684,
  "NDCG@1": 0.15550671723795684,
  "HitRate@5": 0.36230548367658005,
  "Recall@5": 0.36230548367658005,
  "NDCG@5": 0.2580340748690213,
  "HitRate@10": 0.5139130126546383,
  "Recall@10": 0.5139130126546383,
  "NDCG@10": 0.30644088909659895,
  "HitRate@20": 0.7379391017688136,
  "Recall@20": 0.7379391017688136,
  "NDCG@20": 0.36299534293242913,
  "MRR": 0.2676913094959188
}