{
  "model_type": "xgb",
  "dataset_type": "one_embedding",
  "seed": 42,
  "train_rows": 43494594,
  "val_rows": 2849311,
  "test_rows": 2849311,
  "xgb_njobs": 8,
  "ohe_max_categories": 100,
  "ohe_min_frequency": 50,
  "learning_curve_max_rows": 1000000,
  "best_params": {
    "n_estimators": 300,
    "max_depth": 6,
    "learning_rate": 0.1,
    "min_child_weight": 5,
    "subsample": 0.8,
    "colsample_bytree": 0.8,
    "reg_lambda": 2.0,
    "reg_alpha": 0.1
  },
  "best_val": {
    "trial": 4,
    "n_estimators": 300,
    "max_depth": 6,
    "learning_rate": 0.1,
    "min_child_weight": 5,
    "subsample": 0.8,
    "colsample_bytree": 0.8,
    "reg_lambda": 2.0,
    "reg_alpha": 0.1,
    "fit_seconds": 578.0322864055634,
    "val_roc_auc": 0.9980419377467775,
    "n_users_evaluated": 28211,
    "HitRate@1": 0.9843323526284073,
    "Recall@1": 0.9843323526284073,
    "NDCG@1": 0.9843323526284073,
    "HitRate@5": 0.9917408103222147,
    "Recall@5": 0.9917408103222147,
    "NDCG@5": 0.9881982236079776,
    "HitRate@10": 0.994576583602141,
    "Recall@10": 0.994576583602141,
    "NDCG@10": 0.9891195123809485,
    "HitRate@20": 0.9963489419020949,
    "Recall@20": 0.9963489419020949,
    "NDCG@20": 0.98956813559171,
    "MRR": 0.9876236292789936
  },
  "test_roc_auc": 0.9978354337543525,
  "n_users_evaluated": 28211,
  "HitRate@1": 0.9844386941264046,
  "Recall@1": 0.9844386941264046,
  "NDCG@1": 0.9844386941264046,
  "HitRate@5": 0.990960972670235,
  "Recall@5": 0.990960972670235,
  "NDCG@5": 0.9879858600115983,
  "HitRate@10": 0.9936904044521641,
  "Recall@10": 0.9936904044521641,
  "NDCG@10": 0.9888747285715469,
  "HitRate@20": 0.9958881287441069,
  "Recall@20": 0.9958881287441069,
  "NDCG@20": 0.9894290867061667,
  "MRR": 0.9876156515164041
}