{
  "model_type": "xgb",
  "dataset_type": "emb0 without user_count",
  "seed": 42,
  "train_rows": 43494594,
  "val_rows": 2849311,
  "test_rows": 2849311,
  "xgb_njobs": 8,
  "ohe_max_categories": 100,
  "ohe_min_frequency": 50,
  "learning_curve_max_rows": 1000000,
  "best_params": {
    "n_estimators": 300,
    "max_depth": 6,
    "learning_rate": 0.1,
    "min_child_weight": 5,
    "subsample": 0.8,
    "colsample_bytree": 0.8,
    "reg_lambda": 2.0,
    "reg_alpha": 0.1
  },
  "best_val": {
    "trial": 4,
    "n_estimators": 300,
    "max_depth": 6,
    "learning_rate": 0.1,
    "min_child_weight": 5,
    "subsample": 0.8,
    "colsample_bytree": 0.8,
    "reg_lambda": 2.0,
    "reg_alpha": 0.1,
    "fit_seconds": 570.9394934177399,
    "val_roc_auc": 0.9057737369787187,
    "n_users_evaluated": 28211,
    "HitRate@1": 0.17904363546134486,
    "Recall@1": 0.17904363546134486,
    "NDCG@1": 0.17904363546134486,
    "HitRate@5": 0.4535464889582078,
    "Recall@5": 0.4535464889582078,
    "NDCG@5": 0.31728420130037377,
    "HitRate@10": 0.6407075254333416,
    "Recall@10": 0.6407075254333416,
    "NDCG@10": 0.3776362616418072,
    "HitRate@20": 0.8432171847860763,
    "Recall@20": 0.8432171847860763,
    "NDCG@20": 0.4289384910430318,
    "MRR": 0.3169095973158294
  },
  "test_roc_auc": 0.9077119983502737,
  "n_users_evaluated": 28211,
  "HitRate@1": 0.18811810995710893,
  "Recall@1": 0.18811810995710893,
  "NDCG@1": 0.18811810995710893,
  "HitRate@5": 0.464499663251923,
  "Recall@5": 0.464499663251923,
  "NDCG@5": 0.32795707236574256,
  "HitRate@10": 0.650809967743079,
  "Recall@10": 0.650809967743079,
  "NDCG@10": 0.38810799734545176,
  "HitRate@20": 0.8473999503739676,
  "Recall@20": 0.8473999503739676,
  "NDCG@20": 0.4380110230719495,
  "MRR": 0.3268621656777562
}