{
  "model_type": "xgb",
  "dataset_type": "network",
  "seed": 42,
  "train_rows": 43494594,
  "val_rows": 2849311,
  "test_rows": 2849311,
  "xgb_njobs": 8,
  "ohe_max_categories": 100,
  "ohe_min_frequency": 50,
  "learning_curve_max_rows": 1000000,
  "best_params": {
    "n_estimators": 300,
    "max_depth": 6,
    "learning_rate": 0.1,
    "min_child_weight": 5,
    "subsample": 0.8,
    "colsample_bytree": 0.8,
    "reg_lambda": 2.0,
    "reg_alpha": 0.1
  },
  "best_val": {
    "trial": 4,
    "n_estimators": 300,
    "max_depth": 6,
    "learning_rate": 0.1,
    "min_child_weight": 5,
    "subsample": 0.8,
    "colsample_bytree": 0.8,
    "reg_lambda": 2.0,
    "reg_alpha": 0.1,
    "fit_seconds": 1259.2256407737732,
    "val_roc_auc": 0.9992973208555471,
    "n_users_evaluated": 28211,
    "HitRate@1": 0.9951082910921272,
    "Recall@1": 0.9951082910921272,
    "NDCG@1": 0.9951082910921272,
    "HitRate@5": 0.9969515437240792,
    "Recall@5": 0.9969515437240792,
    "NDCG@5": 0.9960654496667694,
    "HitRate@10": 0.9976959342100599,
    "Recall@10": 0.9976959342100599,
    "NDCG@10": 0.9963105350876202,
    "HitRate@20": 0.9983339831980433,
    "Recall@20": 0.9983339831980433,
    "NDCG@20": 0.9964743484637016,
    "MRR": 0.9959717051551007
  },
  "test_roc_auc": 0.9992328183030956,
  "n_users_evaluated": 28211,
  "HitRate@1": 0.9940094289461557,
  "Recall@1": 0.9940094289461557,
  "NDCG@1": 0.9940094289461557,
  "HitRate@5": 0.9965261777320903,
  "Recall@5": 0.9965261777320903,
  "NDCG@5": 0.995330068733848,
  "HitRate@10": 0.9976959342100599,
  "Recall@10": 0.9976959342100599,
  "NDCG@10": 0.9957064439365918,
  "HitRate@20": 0.9985112190280387,
  "Recall@20": 0.9985112190280387,
  "NDCG@20": 0.995915275127317,
  "MRR": 0.9951880134703508
}