{
  "model_type": "xgb",
  "dataset_type": "baseline",
  "seed": 42,
  "train_rows": 43494594,
  "val_rows": 2849311,
  "test_rows": 2849311,
  "xgb_njobs": 8,
  "ohe_max_categories": 100,
  "ohe_min_frequency": 50,
  "learning_curve_max_rows": 1000000,
  "best_params": {
    "n_estimators": 300,
    "max_depth": 6,
    "learning_rate": 0.1,
    "min_child_weight": 5,
    "subsample": 0.8,
    "colsample_bytree": 0.8,
    "reg_lambda": 2.0,
    "reg_alpha": 0.1
  },
  "best_val": {
    "trial": 4,
    "n_estimators": 300,
    "max_depth": 6,
    "learning_rate": 0.1,
    "min_child_weight": 5,
    "subsample": 0.8,
    "colsample_bytree": 0.8,
    "reg_lambda": 2.0,
    "reg_alpha": 0.1,
    "fit_seconds": 796.2103431224823,
    "val_roc_auc": 0.9685960591202638,
    "n_users_evaluated": 28211,
    "HitRate@1": 0.7746623657438588,
    "Recall@1": 0.7746623657438588,
    "NDCG@1": 0.7746623657438588,
    "HitRate@5": 0.8650171918755095,
    "Recall@5": 0.8650171918755095,
    "NDCG@5": 0.8226900662948858,
    "HitRate@10": 0.900038991882599,
    "Recall@10": 0.900038991882599,
    "NDCG@10": 0.8339790082277166,
    "HitRate@20": 0.9396334763035695,
    "Recall@20": 0.9396334763035695,
    "NDCG@20": 0.8440228776040226,
    "MRR": 0.8177499278933353
  },
  "test_roc_auc": 0.9681250719433537,
  "n_users_evaluated": 28211,
  "HitRate@1": 0.7762929353798164,
  "Recall@1": 0.7762929353798164,
  "NDCG@1": 0.7762929353798164,
  "HitRate@5": 0.8649462975435114,
  "Recall@5": 0.8649462975435114,
  "NDCG@5": 0.8237206918322882,
  "HitRate@10": 0.8993654957286165,
  "Recall@10": 0.8993654957286165,
  "NDCG@10": 0.8348392225148182,
  "HitRate@20": 0.9380738009996101,
  "Recall@20": 0.9380738009996101,
  "NDCG@20": 0.8446513533056069,
  "MRR": 0.8189992466505192
}