{
  "model_type": "xgb",
  "dataset_type": "network",
  "seeds": [
    42,
    0,
    1
  ],
  "train_rows": 43494594,
  "val_rows": 2849311,
  "test_rows": 2849311,
  "xgb_njobs": 8,
  "ohe_max_categories": 100,
  "ohe_min_frequency": 50,
  "learning_curve_max_rows": 1000000,
  "best_params": {
    "n_estimators": 300,
    "max_depth": 6,
    "learning_rate": 0.1,
    "min_child_weight": 5,
    "subsample": 0.8,
    "colsample_bytree": 0.8,
    "reg_lambda": 2.0,
    "reg_alpha": 0.1
  },
  "val_metrics": {
    "val_roc_auc": {
      "mean": 0.9992849000191413,
      "std": 2.0616002966033283e-05
    },
    "HitRate@1": {
      "mean": 0.9949074238181325,
      "std": 0.00014276991213350222
    },
    "Recall@1": {
      "mean": 0.9949074238181325,
      "std": 0.00014276991213350222
    },
    "NDCG@1": {
      "mean": 0.9949074238181325,
      "std": 0.00014276991213350222
    },
    "HitRate@5": {
      "mean": 0.9969751751680787,
      "std": 6.0248597043613465e-05
    },
    "Recall@5": {
      "mean": 0.9969751751680787,
      "std": 6.0248597043613465e-05
    },
    "NDCG@5": {
      "mean": 0.9960059176181338,
      "std": 6.144514356355885e-05
    },
    "HitRate@10": {
      "mean": 0.9976723027660604,
      "std": 6.0248597043598944e-05
    },
    "Recall@10": {
      "mean": 0.9976723027660604,
      "std": 6.0248597043598944e-05
    },
    "NDCG@10": {
      "mean": 0.9962312876801657,
      "std": 7.237970647146444e-05
    },
    "HitRate@20": {
      "mean": 0.9984403246960406,
      "std": 7.657463044448037e-05
    },
    "Recall@20": {
      "mean": 0.9984403246960406,
      "std": 7.657463044448037e-05
    },
    "NDCG@20": {
      "mean": 0.9964252999521065,
      "std": 4.5308763171348e-05
    },
    "MRR": {
      "mean": 0.9958722995482278,
      "std": 7.986225505680226e-05
    },
    "n_users_evaluated": 28211
  },
  "test_metrics": {
    "test_roc_auc": {
      "mean": 0.9991743291473055,
      "std": 4.1368002890229344e-05
    },
    "HitRate@1": {
      "mean": 0.9942339276641499,
      "std": 0.00015940280461796446
    },
    "Recall@1": {
      "mean": 0.9942339276641499,
      "std": 0.00015940280461796446
    },
    "NDCG@1": {
      "mean": 0.9942339276641499,
      "std": 0.00015940280461796446
    },
    "HitRate@5": {
      "mean": 0.9964670991220919,
      "std": 0.00013677687075714588
    },
    "Recall@5": {
      "mean": 0.9964670991220919,
      "std": 0.00013677687075714588
    },
    "NDCG@5": {
      "mean": 0.9953904494892206,
      "std": 8.12106295844426e-05
    },
    "HitRate@10": {
      "mean": 0.997577776990063,
      "std": 0.0001016426839063094
    },
    "Recall@10": {
      "mean": 0.997577776990063,
      "std": 0.0001016426839063094
    },
    "NDCG@10": {
      "mean": 0.9957505083295669,
      "std": 3.217006578193401e-05
    },
    "HitRate@20": {
      "mean": 0.9984048775300415,
      "std": 7.657463044449751e-05
    },
    "Recall@20": {
      "mean": 0.9984048775300415,
      "std": 7.657463044449751e-05
    },
    "NDCG@20": {
      "mean": 0.9959618465889375,
      "std": 3.751205889820211e-05
    },
    "MRR": {
      "mean": 0.9952863598513413,
      "std": 7.450185374597433e-05
    },
    "n_users_evaluated": 28211
  },
  "per_seed_val": [
    {
      "seed": 42,
      "fit_seconds": 1147.0851321220398,
      "val_roc_auc": 0.9992973208555471,
      "n_users_evaluated": 28211,
      "HitRate@1": 0.9951082910921272,
      "Recall@1": 0.9951082910921272,
      "NDCG@1": 0.9951082910921272,
      "HitRate@5": 0.9969515437240792,
      "Recall@5": 0.9969515437240792,
      "NDCG@5": 0.9960654496667694,
      "HitRate@10": 0.9976959342100599,
      "Recall@10": 0.9976959342100599,
      "NDCG@10": 0.9963105350876202,
      "HitRate@20": 0.9983339831980433,
      "Recall@20": 0.9983339831980433,
      "NDCG@20": 0.9964743484637016,
      "MRR": 0.9959717051551007
    },
    {
      "seed": 0,
      "fit_seconds": 1135.8693282604218,
      "val_roc_auc": 0.9993015330132201,
      "n_users_evaluated": 28211,
      "HitRate@1": 0.9948247137641345,
      "Recall@1": 0.9948247137641345,
      "NDCG@1": 0.9948247137641345,
      "HitRate@5": 0.9970578852220765,
      "Recall@5": 0.9970578852220765,
      "NDCG@5": 0.9960309713885098,
      "HitRate@10": 0.997731381376059,
      "Recall@10": 0.997731381376059,
      "NDCG@10": 0.9962477720789918,
      "HitRate@20": 0.9984757718620396,
      "Recall@20": 0.9984757718620396,
      "NDCG@20": 0.9964364829597564,
      "MRR": 0.9958690280237503
    },
    {
      "seed": 1,
      "fit_seconds": 1140.555150270462,
      "val_roc_auc": 0.9992558461886565,
      "n_users_evaluated": 28211,
      "HitRate@1": 0.9947892665981355,
      "Recall@1": 0.9947892665981355,
      "NDCG@1": 0.9947892665981355,
      "HitRate@5": 0.9969160965580802,
      "Recall@5": 0.9969160965580802,
      "NDCG@5": 0.9959213317991223,
      "HitRate@10": 0.9975895927120627,
      "Recall@10": 0.9975895927120627,
      "NDCG@10": 0.996135555873885,
      "HitRate@20": 0.9985112190280387,
      "Recall@20": 0.9985112190280387,
      "NDCG@20": 0.9963650684328615,
      "MRR": 0.9957761654658319
    }
  ],
  "per_seed_test": [
    {
      "seed": 42,
      "test_roc_auc": 0.9992328183030956,
      "n_users_evaluated": 28211,
      "HitRate@1": 0.9940094289461557,
      "Recall@1": 0.9940094289461557,
      "NDCG@1": 0.9940094289461557,
      "HitRate@5": 0.9965261777320903,
      "Recall@5": 0.9965261777320903,
      "NDCG@5": 0.995330068733848,
      "HitRate@10": 0.9976959342100599,
      "Recall@10": 0.9976959342100599,
      "NDCG@10": 0.9957064439365918,
      "HitRate@20": 0.9985112190280387,
      "Recall@20": 0.9985112190280387,
      "NDCG@20": 0.995915275127317,
      "MRR": 0.9951880134703508
    },
    {
      "seed": 0,
      "test_roc_auc": 0.9991439748460648,
      "n_users_evaluated": 28211,
      "HitRate@1": 0.9943639006061465,
      "Recall@1": 0.9943639006061465,
      "NDCG@1": 0.9943639006061465,
      "HitRate@5": 0.9965970720640884,
      "Recall@5": 0.9965970720640884,
      "NDCG@5": 0.9955052470345804,
      "HitRate@10": 0.9974478040480663,
      "Recall@10": 0.9974478040480663,
      "NDCG@10": 0.9957823444361122,
      "HitRate@20": 0.9983339831980433,
      "Recall@20": 0.9983339831980433,
      "NDCG@20": 0.9960071335939398,
      "MRR": 0.9953682711133579
    },
    {
      "seed": 1,
      "test_roc_auc": 0.999146194292756,
      "n_users_evaluated": 28211,
      "HitRate@1": 0.9943284534401474,
      "Recall@1": 0.9943284534401474,
      "NDCG@1": 0.9943284534401474,
      "HitRate@5": 0.9962780475700967,
      "Recall@5": 0.9962780475700967,
      "NDCG@5": 0.9953360326992335,
      "HitRate@10": 0.9975895927120627,
      "Recall@10": 0.9975895927120627,
      "NDCG@10": 0.9957627366159968,
      "HitRate@20": 0.9983694303640424,
      "Recall@20": 0.9983694303640424,
      "NDCG@20": 0.9959631310455557,
      "MRR": 0.9953027949703149
    }
  ]
}