{
  "model_type": "xgb",
  "dataset_type": "baseline",
  "seeds": [
    42,
    0,
    1
  ],
  "train_rows": 43494594,
  "val_rows": 2849311,
  "test_rows": 2849311,
  "xgb_njobs": 8,
  "ohe_max_categories": 100,
  "ohe_min_frequency": 50,
  "learning_curve_max_rows": 1000000,
  "best_params": {
    "n_estimators": 300,
    "max_depth": 6,
    "learning_rate": 0.1,
    "min_child_weight": 5,
    "subsample": 0.8,
    "colsample_bytree": 0.8,
    "reg_lambda": 2.0,
    "reg_alpha": 0.1
  },
  "val_metrics": {
    "val_roc_auc": {
      "mean": 0.9687430679640409,
      "std": 0.0002420971836854928
    },
    "HitRate@1": {
      "mean": 0.7744142355818653,
      "std": 0.0008433148242437618
    },
    "Recall@1": {
      "mean": 0.7744142355818653,
      "std": 0.0008433148242437618
    },
    "NDCG@1": {
      "mean": 0.7744142355818653,
      "std": 0.0008433148242437618
    },
    "HitRate@5": {
      "mean": 0.8624886273675753,
      "std": 0.0023002148880056387
    },
    "Recall@5": {
      "mean": 0.8624886273675753,
      "std": 0.0023002148880056387
    },
    "NDCG@5": {
      "mean": 0.8213689779046911,
      "std": 0.0009530438186520662
    },
    "HitRate@10": {
      "mean": 0.9002280434345941,
      "std": 0.002203687587938468
    },
    "Recall@10": {
      "mean": 0.9002280434345941,
      "std": 0.002203687587938468
    },
    "NDCG@10": {
      "mean": 0.8335649808347485,
      "std": 0.0004993786745950135
    },
    "HitRate@20": {
      "mean": 0.9399052379095624,
      "std": 0.00147417410223424
    },
    "Recall@20": {
      "mean": 0.9399052379095624,
      "std": 0.00147417410223424
    },
    "NDCG@20": {
      "mean": 0.843617878439964,
      "std": 0.0003594755265544319
    },
    "MRR": {
      "mean": 0.8172004014331109,
      "std": 0.00046188157580741957
    },
    "n_users_evaluated": 28211
  },
  "test_metrics": {
    "test_roc_auc": {
      "mean": 0.9681665133946252,
      "std": 0.0002101824491255003
    },
    "HitRate@1": {
      "mean": 0.776848274313802,
      "std": 0.0003950764712890105
    },
    "Recall@1": {
      "mean": 0.776848274313802,
      "std": 0.0003950764712890105
    },
    "NDCG@1": {
      "mean": 0.776848274313802,
      "std": 0.0003950764712890105
    },
    "HitRate@5": {
      "mean": 0.8630203348575615,
      "std": 0.002083926264038749
    },
    "Recall@5": {
      "mean": 0.8630203348575615,
      "std": 0.002083926264038749
    },
    "NDCG@5": {
      "mean": 0.8228176956066436,
      "std": 0.0010528273365762687
    },
    "HitRate@10": {
      "mean": 0.8992237070646202,
      "std": 0.0016238774513591206
    },
    "Recall@10": {
      "mean": 0.8992237070646202,
      "std": 0.0016238774513591206
    },
    "NDCG@10": {
      "mean": 0.8345172988965696,
      "std": 0.0008849293313179791
    },
    "HitRate@20": {
      "mean": 0.938227405385606,
      "std": 0.0012925125348527608
    },
    "Recall@20": {
      "mean": 0.938227405385606,
      "std": 0.0012925125348527608
    },
    "NDCG@20": {
      "mean": 0.8444147475798912,
      "std": 0.0007947640841087395
    },
    "MRR": {
      "mean": 0.8187211276838293,
      "std": 0.0005661581953433685
    },
    "n_users_evaluated": 28211
  },
  "per_seed_val": [
    {
      "seed": 42,
      "fit_seconds": 906.743460893631,
      "val_roc_auc": 0.9685960591202638,
      "n_users_evaluated": 28211,
      "HitRate@1": 0.7746623657438588,
      "Recall@1": 0.7746623657438588,
      "NDCG@1": 0.7746623657438588,
      "HitRate@5": 0.8650171918755095,
      "Recall@5": 0.8650171918755095,
      "NDCG@5": 0.8226900662948858,
      "HitRate@10": 0.900038991882599,
      "Recall@10": 0.900038991882599,
      "NDCG@10": 0.8339790082277166,
      "HitRate@20": 0.9396334763035695,
      "Recall@20": 0.9396334763035695,
      "NDCG@20": 0.8440228776040226,
      "MRR": 0.8177499278933353
    },
    {
      "seed": 0,
      "fit_seconds": 864.4353711605072,
      "val_roc_auc": 0.9685487891351254,
      "n_users_evaluated": 28211,
      "HitRate@1": 0.7753004147318422,
      "Recall@1": 0.7753004147318422,
      "NDCG@1": 0.7753004147318422,
      "HitRate@5": 0.8594519868136542,
      "Recall@5": 0.8594519868136542,
      "NDCG@5": 0.8204771700518871,
      "HitRate@10": 0.8976285845946617,
      "Recall@10": 0.8976285845946617,
      "NDCG@10": 0.8328624829514689,
      "HitRate@20": 0.9382510368296054,
      "Recall@20": 0.9382510368296054,
      "NDCG@20": 0.8431492665900453,
      "MRR": 0.8172314443298837
    },
    {
      "seed": 1,
      "fit_seconds": 870.1192674636841,
      "val_roc_auc": 0.9690843556367335,
      "n_users_evaluated": 28211,
      "HitRate@1": 0.7732799262698947,
      "Recall@1": 0.7732799262698947,
      "NDCG@1": 0.7732799262698947,
      "HitRate@5": 0.862996703413562,
      "Recall@5": 0.862996703413562,
      "NDCG@5": 0.8209396973673002,
      "HitRate@10": 0.9030165538265216,
      "Recall@10": 0.9030165538265216,
      "NDCG@10": 0.83385345132506,
      "HitRate@20": 0.9418312005955124,
      "Recall@20": 0.9418312005955124,
      "NDCG@20": 0.8436814911258242,
      "MRR": 0.8166198320761137
    }
  ],
  "per_seed_test": [
    {
      "seed": 42,
      "test_roc_auc": 0.9681250719433537,
      "n_users_evaluated": 28211,
      "HitRate@1": 0.7762929353798164,
      "Recall@1": 0.7762929353798164,
      "NDCG@1": 0.7762929353798164,
      "HitRate@5": 0.8649462975435114,
      "Recall@5": 0.8649462975435114,
      "NDCG@5": 0.8237206918322882,
      "HitRate@10": 0.8993654957286165,
      "Recall@10": 0.8993654957286165,
      "NDCG@10": 0.8348392225148182,
      "HitRate@20": 0.9380738009996101,
      "Recall@20": 0.9380738009996101,
      "NDCG@20": 0.8446513533056069,
      "MRR": 0.8189992466505192
    },
    {
      "seed": 0,
      "test_roc_auc": 0.9679323283583255,
      "n_users_evaluated": 28211,
      "HitRate@1": 0.7770727730317961,
      "Recall@1": 0.7770727730317961,
      "NDCG@1": 0.7770727730317961,
      "HitRate@5": 0.8601254829676367,
      "Recall@5": 0.8601254829676367,
      "NDCG@5": 0.8213409577836476,
      "HitRate@10": 0.8971677714366736,
      "Recall@10": 0.8971677714366736,
      "NDCG@10": 0.8333089958010678,
      "HitRate@20": 0.9367268086916452,
      "Recall@20": 0.9367268086916452,
      "NDCG@20": 0.8433448732683219,
      "MRR": 0.8179318451360618
    },
    {
      "seed": 1,
      "test_roc_auc": 0.9684421398821967,
      "n_users_evaluated": 28211,
      "HitRate@1": 0.7771791145297934,
      "Recall@1": 0.7771791145297934,
      "NDCG@1": 0.7771791145297934,
      "HitRate@5": 0.8639892240615363,
      "Recall@5": 0.8639892240615363,
      "NDCG@5": 0.823391437203995,
      "HitRate@10": 0.9011378540285704,
      "Recall@10": 0.9011378540285704,
      "NDCG@10": 0.8354036783738225,
      "HitRate@20": 0.9398816064655631,
      "Recall@20": 0.9398816064655631,
      "NDCG@20": 0.8452480161657446,
      "MRR": 0.8192322912649072
    }
  ]
}