{
  "model_type": "rf",
  "dataset_type": "baseline",
  "seed": 42,
  "train_rows": 43494594,
  "val_rows": 2849311,
  "test_rows": 2849311,
  "rf_njobs": 8,
  "ohe_max_categories": 100,
  "ohe_min_frequency": 50,
  "learning_curve_max_rows": 300000,
  "best_params": {
    "n_estimators": 120,
    "max_depth": 30,
    "min_samples_split": 20,
    "min_samples_leaf": 10,
    "max_features": "sqrt"
  },
  "best_val": {
    "trial": 2,
    "n_estimators": 120,
    "max_depth": 30,
    "min_samples_split": 20,
    "min_samples_leaf": 10,
    "max_features": "sqrt",
    "fit_seconds": 4646.305727958679,
    "val_roc_auc": 0.9495028187420294,
    "n_users_evaluated": 28211,
    "HitRate@1": 0.6161071922299812,
    "Recall@1": 0.6161071922299812,
    "NDCG@1": 0.6161071922299812,
    "HitRate@5": 0.7799439934777215,
    "Recall@5": 0.7799439934777215,
    "NDCG@5": 0.7048369267637147,
    "HitRate@10": 0.8370493779022368,
    "Recall@10": 0.8370493779022368,
    "NDCG@10": 0.7232366241189107,
    "HitRate@20": 0.8999326503846018,
    "Recall@20": 0.8999326503846018,
    "NDCG@20": 0.7391482091128411,
    "MRR": 0.6946412995270259
  },
  "test_roc_auc": 0.9491964679135025,
  "n_users_evaluated": 28211,
  "HitRate@1": 0.6197228031618872,
  "Recall@1": 0.6197228031618872,
  "NDCG@1": 0.6197228031618872,
  "HitRate@5": 0.7798730991457233,
  "Recall@5": 0.7798730991457233,
  "NDCG@5": 0.70644178503317,
  "HitRate@10": 0.8367658005742441,
  "Recall@10": 0.8367658005742441,
  "NDCG@10": 0.7248064641263446,
  "HitRate@20": 0.8991882598986211,
  "Recall@20": 0.8991882598986211,
  "NDCG@20": 0.7405922572858965,
  "MRR": 0.6967694601919562
}