{
  "model_type": "rf",
  "dataset_type": "network",
  "seed": 42,
  "train_rows": 43494594,
  "val_rows": 2849311,
  "test_rows": 2849311,
  "rf_njobs": 8,
  "ohe_max_categories": 100,
  "ohe_min_frequency": 50,
  "learning_curve_max_rows": 300000,
  "best_params": {
    "n_estimators": 120,
    "max_depth": 30,
    "min_samples_split": 20,
    "min_samples_leaf": 10,
    "max_features": "sqrt"
  },
  "best_val": {
    "trial": 2,
    "n_estimators": 120,
    "max_depth": 30,
    "min_samples_split": 20,
    "min_samples_leaf": 10,
    "max_features": "sqrt",
    "fit_seconds": 5309.518364906311,
    "val_roc_auc": 0.9935794013898573,
    "n_users_evaluated": 28211,
    "HitRate@1": 0.9594484420970544,
    "Recall@1": 0.9594484420970544,
    "NDCG@1": 0.9594484420970544,
    "HitRate@5": 0.9730247066747013,
    "Recall@5": 0.9730247066747013,
    "NDCG@5": 0.9666699566125329,
    "HitRate@10": 0.9790507248945447,
    "Recall@10": 0.9790507248945447,
    "NDCG@10": 0.9686317573137085,
    "HitRate@20": 0.9870617844103364,
    "Recall@20": 0.9870617844103364,
    "NDCG@20": 0.9706409174120444,
    "MRR": 0.9663112807784057
  },
  "test_roc_auc": 0.9933895985148382,
  "n_users_evaluated": 28211,
  "HitRate@1": 0.9582786856190848,
  "Recall@1": 0.9582786856190848,
  "NDCG@1": 0.9582786856190848,
  "HitRate@5": 0.9729892595087023,
  "Recall@5": 0.9729892595087023,
  "NDCG@5": 0.966191174803908,
  "HitRate@10": 0.9786962532345539,
  "Recall@10": 0.9786962532345539,
  "NDCG@10": 0.9680310637945264,
  "HitRate@20": 0.986423735422353,
  "Recall@20": 0.986423735422353,
  "NDCG@20": 0.9699606498427581,
  "MRR": 0.9655960307906203
}