{
  "model_type": "rf",
  "dataset_type": "network",
  "train_rows": 43494594,
  "val_rows": 2849311,
  "test_rows": 2849311,
  "rf_njobs": 8,
  "ohe_max_categories": 100,
  "ohe_min_frequency": 50,
  "learning_curve_max_rows": 300000,
  "best_params": {
    "n_estimators": 120,
    "max_depth": 30,
    "min_samples_split": 20,
    "min_samples_leaf": 10,
    "max_features": "sqrt"
  },
  "seeds": [
    42,
    0,
    1
  ],
  "val_metrics": {
    "ROC-AUC": {
      "mean": 0.9934488327655929,
      "std": 0.0001553408431378503
    },
    "HitRate@1": {
      "mean": 0.9586686044450746,
      "std": 0.0010285787904397014
    },
    "Recall@1": {
      "mean": 0.9586686044450746,
      "std": 0.0010285787904397014
    },
    "NDCG@1": {
      "mean": 0.9586686044450746,
      "std": 0.0010285787904397014
    },
    "HitRate@5": {
      "mean": 0.9723157633547198,
      "std": 0.0006824538455776357
    },
    "Recall@5": {
      "mean": 0.9723157633547198,
      "std": 0.0006824538455776357
    },
    "NDCG@5": {
      "mean": 0.9659485422616995,
      "std": 0.0007842319035426835
    },
    "HitRate@10": {
      "mean": 0.97884985762055,
      "std": 0.0005539545174923069
    },
    "Recall@10": {
      "mean": 0.97884985762055,
      "std": 0.0005539545174923069
    },
    "NDCG@10": {
      "mean": 0.9680577292006488,
      "std": 0.0007390090221290306
    },
    "HitRate@20": {
      "mean": 0.98691999574634,
      "std": 0.0002523147767899252
    },
    "Recall@20": {
      "mean": 0.98691999574634,
      "std": 0.0002523147767899252
    },
    "NDCG@20": {
      "mean": 0.9700836876855092,
      "std": 0.0006693797354412511
    },
    "MRR": {
      "mean": 0.9656400782767899,
      "std": 0.0007861389311091447
    },
    "n_users_evaluated": 28211
  },
  "test_metrics": {
    "ROC-AUC": {
      "mean": 0.9931363938330092,
      "std": 0.0002068712758817573
    },
    "HitRate@1": {
      "mean": 0.9577469781290985,
      "std": 0.0008025998226574729
    },
    "Recall@1": {
      "mean": 0.9577469781290985,
      "std": 0.0008025998226574729
    },
    "NDCG@1": {
      "mean": 0.9577469781290985,
      "std": 0.0008025998226574729
    },
    "HitRate@5": {
      "mean": 0.9719258445287299,
      "std": 0.000805724817564421
    },
    "Recall@5": {
      "mean": 0.9719258445287299,
      "std": 0.000805724817564421
    },
    "NDCG@5": {
      "mean": 0.9653315387674836,
      "std": 0.0007511459982002491
    },
    "HitRate@10": {
      "mean": 0.97808183569057,
      "std": 0.0005940852901339361
    },
    "Recall@10": {
      "mean": 0.97808183569057,
      "std": 0.0005940852901339361
    },
    "NDCG@10": {
      "mean": 0.9673132241991506,
      "std": 0.0006985224380415521
    },
    "HitRate@20": {
      "mean": 0.9856675292143726,
      "std": 0.0006080219455894644
    },
    "Recall@20": {
      "mean": 0.9856675292143726,
      "std": 0.0006080219455894644
    },
    "NDCG@20": {
      "mean": 0.9692086190317424,
      "std": 0.0006971774370963988
    },
    "MRR": {
      "mean": 0.9648802306703907,
      "std": 0.0007095323707519461
    },
    "n_users_evaluated": 28211
  },
  "per_seed_val": [
    {
      "seed": 42,
      "fit_seconds": 6438.847280502319,
      "ROC-AUC": 0.9935794013898573,
      "n_users_evaluated": 28211,
      "HitRate@1": 0.9594484420970544,
      "Recall@1": 0.9594484420970544,
      "NDCG@1": 0.9594484420970544,
      "HitRate@5": 0.9730247066747013,
      "Recall@5": 0.9730247066747013,
      "NDCG@5": 0.9666699566125329,
      "HitRate@10": 0.9790507248945447,
      "Recall@10": 0.9790507248945447,
      "NDCG@10": 0.9686317573137085,
      "HitRate@20": 0.9870617844103364,
      "Recall@20": 0.9870617844103364,
      "NDCG@20": 0.9706409174120444,
      "MRR": 0.9663112807784057
    },
    {
      "seed": 0,
      "fit_seconds": 5903.540008306503,
      "ROC-AUC": 0.9932305450479808,
      "n_users_evaluated": 28211,
      "HitRate@1": 0.9572152706391124,
      "Recall@1": 0.9572152706391124,
      "NDCG@1": 0.9572152706391124,
      "HitRate@5": 0.9713941370387438,
      "Recall@5": 0.9713941370387438,
      "NDCG@5": 0.9648583143404434,
      "HitRate@10": 0.9780936514125695,
      "Recall@10": 0.9780936514125695,
      "NDCG@10": 0.9670143618561345,
      "HitRate@20": 0.9865655240863493,
      "Recall@20": 0.9865655240863493,
      "NDCG@20": 0.9691423322099142,
      "MRR": 0.9645369244024592
    },
    {
      "seed": 1,
      "fit_seconds": 5266.344544887543,
      "ROC-AUC": 0.9935365518589405,
      "n_users_evaluated": 28211,
      "HitRate@1": 0.9593421005990571,
      "Recall@1": 0.9593421005990571,
      "NDCG@1": 0.9593421005990571,
      "HitRate@5": 0.9725284463507142,
      "Recall@5": 0.9725284463507142,
      "NDCG@5": 0.9663173558321222,
      "HitRate@10": 0.9794051965545355,
      "Recall@10": 0.9794051965545355,
      "NDCG@10": 0.9685270684321037,
      "HitRate@20": 0.9871326787423346,
      "Recall@20": 0.9871326787423346,
      "NDCG@20": 0.9704678134345693,
      "MRR": 0.9660720296495047
    }
  ],
  "per_seed_test": [
    {
      "seed": 42,
      "ROC-AUC": 0.9933895985148382,
      "n_users_evaluated": 28211,
      "HitRate@1": 0.9582786856190848,
      "Recall@1": 0.9582786856190848,
      "NDCG@1": 0.9582786856190848,
      "HitRate@5": 0.9729892595087023,
      "Recall@5": 0.9729892595087023,
      "NDCG@5": 0.966191174803908,
      "HitRate@10": 0.9786962532345539,
      "Recall@10": 0.9786962532345539,
      "NDCG@10": 0.9680310637945264,
      "HitRate@20": 0.986423735422353,
      "Recall@20": 0.986423735422353,
      "NDCG@20": 0.9699606498427581,
      "MRR": 0.9655960307906203
    },
    {
      "seed": 0,
      "ROC-AUC": 0.9928828697484795,
      "n_users_evaluated": 28211,
      "HitRate@1": 0.956612668817128,
      "Recall@1": 0.956612668817128,
      "NDCG@1": 0.956612668817128,
      "HitRate@5": 0.971039665378753,
      "Recall@5": 0.971039665378753,
      "NDCG@5": 0.9643612580960023,
      "HitRate@10": 0.9772783665945908,
      "Recall@10": 0.9772783665945908,
      "NDCG@10": 0.9663665713573395,
      "HitRate@20": 0.9849349544503917,
      "Recall@20": 0.9849349544503917,
      "NDCG@20": 0.9682804063674069,
      "MRR": 0.9639133339611663
    },
    {
      "seed": 1,
      "ROC-AUC": 0.9931367132357103,
      "n_users_evaluated": 28211,
      "HitRate@1": 0.9583495799510829,
      "Recall@1": 0.9583495799510829,
      "NDCG@1": 0.9583495799510829,
      "HitRate@5": 0.9717486086987346,
      "Recall@5": 0.9717486086987346,
      "NDCG@5": 0.9654421834025408,
      "HitRate@10": 0.978270887242565,
      "Recall@10": 0.978270887242565,
      "NDCG@10": 0.9675420374455858,
      "HitRate@20": 0.9856438977703733,
      "Recall@20": 0.9856438977703733,
      "NDCG@20": 0.969384800885062,
      "MRR": 0.9651313272593858
    }
  ]
}