{
  "model_type": "rf",
  "dataset_type": "baseline",
  "train_rows": 43494594,
  "val_rows": 2849311,
  "test_rows": 2849311,
  "rf_njobs": 8,
  "ohe_max_categories": 100,
  "ohe_min_frequency": 50,
  "learning_curve_max_rows": 300000,
  "best_params": {
    "n_estimators": 120,
    "max_depth": 30,
    "min_samples_split": 20,
    "min_samples_leaf": 10,
    "max_features": "sqrt"
  },
  "seeds": [
    42,
    0,
    1
  ],
  "val_metrics": {
    "ROC-AUC": {
      "mean": 0.9492475763015431,
      "std": 0.000183032663609383
    },
    "HitRate@1": {
      "mean": 0.6204081150378694,
      "std": 0.004178390815399794
    },
    "Recall@1": {
      "mean": 0.6204081150378694,
      "std": 0.004178390815399794
    },
    "NDCG@1": {
      "mean": 0.6204081150378694,
      "std": 0.004178390815399794
    },
    "HitRate@5": {
      "mean": 0.7774863233017854,
      "std": 0.001841054809229929
    },
    "Recall@5": {
      "mean": 0.7774863233017854,
      "std": 0.001841054809229929
    },
    "NDCG@5": {
      "mean": 0.7055523252314893,
      "std": 0.0016442871280103822
    },
    "HitRate@10": {
      "mean": 0.8346980492242979,
      "std": 0.0016632071513239068
    },
    "Recall@10": {
      "mean": 0.8346980492242979,
      "std": 0.0016632071513239068
    },
    "NDCG@10": {
      "mean": 0.7240070216149851,
      "std": 0.001488207752581469
    },
    "HitRate@20": {
      "mean": 0.8991055498446232,
      "std": 0.000802773752624325
    },
    "Recall@20": {
      "mean": 0.8991055498446232,
      "std": 0.000802773752624325
    },
    "NDCG@20": {
      "mean": 0.7402856183155619,
      "std": 0.0014795848346726176
    },
    "MRR": {
      "mean": 0.6965733373882271,
      "std": 0.002261543501977584
    },
    "n_users_evaluated": 28211
  },
  "test_metrics": {
    "ROC-AUC": {
      "mean": 0.9489887167364595,
      "std": 0.00014842540521938356
    },
    "HitRate@1": {
      "mean": 0.6240946203017735,
      "std": 0.004692998920801923
    },
    "Recall@1": {
      "mean": 0.6240946203017735,
      "std": 0.004692998920801923
    },
    "NDCG@1": {
      "mean": 0.6240946203017735,
      "std": 0.004692998920801923
    },
    "HitRate@5": {
      "mean": 0.7782661609537652,
      "std": 0.0011596274877539818
    },
    "Recall@5": {
      "mean": 0.7782661609537652,
      "std": 0.0011596274877539818
    },
    "NDCG@5": {
      "mean": 0.7076043511873458,
      "std": 0.0018841034716513695
    },
    "HitRate@10": {
      "mean": 0.8345208133943025,
      "std": 0.0016998221032792778
    },
    "Recall@10": {
      "mean": 0.8345208133943025,
      "std": 0.0016998221032792778
    },
    "NDCG@10": {
      "mean": 0.725753675912259,
      "std": 0.0018675297277883172
    },
    "HitRate@20": {
      "mean": 0.898148476362648,
      "std": 0.000755467364415574
    },
    "Recall@20": {
      "mean": 0.898148476362648,
      "std": 0.000755467364415574
    },
    "NDCG@20": {
      "mean": 0.7418300002268912,
      "std": 0.001751654773415502
    },
    "MRR": {
      "mean": 0.6988757795170942,
      "std": 0.002566781881305658
    },
    "n_users_evaluated": 28211
  },
  "per_seed_val": [
    {
      "seed": 42,
      "fit_seconds": 4966.428779840469,
      "ROC-AUC": 0.9495028187420294,
      "n_users_evaluated": 28211,
      "HitRate@1": 0.6161071922299812,
      "Recall@1": 0.6161071922299812,
      "NDCG@1": 0.6161071922299812,
      "HitRate@5": 0.7799439934777215,
      "Recall@5": 0.7799439934777215,
      "NDCG@5": 0.7048369267637147,
      "HitRate@10": 0.8370493779022368,
      "Recall@10": 0.8370493779022368,
      "NDCG@10": 0.7232366241189107,
      "HitRate@20": 0.8999326503846018,
      "Recall@20": 0.8999326503846018,
      "NDCG@20": 0.7391482091128411,
      "MRR": 0.6946412995270259
    },
    {
      "seed": 0,
      "fit_seconds": 6083.490837335587,
      "ROC-AUC": 0.949082673633462,
      "n_users_evaluated": 28211,
      "HitRate@1": 0.6260678458757223,
      "Recall@1": 0.6260678458757223,
      "NDCG@1": 0.6260678458757223,
      "HitRate@5": 0.777001878699798,
      "Recall@5": 0.777001878699798,
      "NDCG@5": 0.7078261857355311,
      "HitRate@10": 0.8335755556343271,
      "Recall@10": 0.8335755556343271,
      "NDCG@10": 0.7260883952495825,
      "HitRate@20": 0.8980185034206515,
      "Recall@20": 0.8980185034206515,
      "NDCG@20": 0.7423753364453514,
      "MRR": 0.6997466829358396
    },
    {
      "seed": 1,
      "fit_seconds": 5825.0265963077545,
      "ROC-AUC": 0.9491572365291381,
      "n_users_evaluated": 28211,
      "HitRate@1": 0.6190493070079047,
      "Recall@1": 0.6190493070079047,
      "NDCG@1": 0.6190493070079047,
      "HitRate@5": 0.7755130977278366,
      "Recall@5": 0.7755130977278366,
      "NDCG@5": 0.7039938631952221,
      "HitRate@10": 0.8334692141363298,
      "Recall@10": 0.8334692141363298,
      "NDCG@10": 0.7226960454764624,
      "HitRate@20": 0.8993654957286165,
      "Recall@20": 0.8993654957286165,
      "NDCG@20": 0.7393333093884932,
      "MRR": 0.6953320297018157
    }
  ],
  "per_seed_test": [
    {
      "seed": 42,
      "ROC-AUC": 0.9491964679135025,
      "n_users_evaluated": 28211,
      "HitRate@1": 0.6197228031618872,
      "Recall@1": 0.6197228031618872,
      "NDCG@1": 0.6197228031618872,
      "HitRate@5": 0.7798730991457233,
      "Recall@5": 0.7798730991457233,
      "NDCG@5": 0.70644178503317,
      "HitRate@10": 0.8367658005742441,
      "Recall@10": 0.8367658005742441,
      "NDCG@10": 0.7248064641263446,
      "HitRate@20": 0.8991882598986211,
      "Recall@20": 0.8991882598986211,
      "NDCG@20": 0.7405922572858965,
      "MRR": 0.6967694601919562
    },
    {
      "seed": 0,
      "ROC-AUC": 0.9488588654342863,
      "n_users_evaluated": 28211,
      "HitRate@1": 0.6306050831236043,
      "Recall@1": 0.6306050831236043,
      "NDCG@1": 0.6306050831236043,
      "HitRate@5": 0.7777462691857786,
      "Recall@5": 0.7777462691857786,
      "NDCG@5": 0.710261952831202,
      "HitRate@10": 0.8341427102903123,
      "Recall@10": 0.8341427102903123,
      "NDCG@10": 0.7283623680565718,
      "HitRate@20": 0.8974159015986671,
      "Recall@20": 0.8974159015986671,
      "NDCG@20": 0.7443072139631881,
      "MRR": 0.7024892356497446
    },
    {
      "seed": 1,
      "ROC-AUC": 0.9489108168615894,
      "n_users_evaluated": 28211,
      "HitRate@1": 0.6219559746198291,
      "Recall@1": 0.6219559746198291,
      "NDCG@1": 0.6219559746198291,
      "HitRate@5": 0.7771791145297934,
      "Recall@5": 0.7771791145297934,
      "NDCG@5": 0.7061093156976653,
      "HitRate@10": 0.832653929318351,
      "Recall@10": 0.832653929318351,
      "NDCG@10": 0.7240921955538603,
      "HitRate@20": 0.8978412675906561,
      "Recall@20": 0.8978412675906561,
      "NDCG@20": 0.7405905294315888,
      "MRR": 0.697368642709582
    }
  ]
}