{
  "model_type": "lightgcn",
  "dataset_type": "with_genre_groups",
  "seeds": [
    0,
    1,
    42
  ],
  "train_rows": 43494594,
  "val_rows": 2849311,
  "test_rows": 2849311,
  "num_users": 31021,
  "num_games": 20918,
  "num_train_positive_edges": 3954054,
  "usable_positive_pairs": 3954054,
  "usable_users": 31021,
  "best_params": {
    "hidden_channels": 256,
    "lr": 0.001,
    "num_layers": 1
  },
  "num_epochs": 30,
  "min_epochs": 5,
  "early_stopping_patience": 5,
  "weight_decay": 1e-06,
  "regularization": 1e-06,
  "pos_batch_size": 8192,
  "neg_per_pos": 10,
  "val_metrics": {
    "val_roc_auc": {
      "mean": 0.9277547867963664,
      "std": 7.721487931750954e-05
    },
    "HitRate@1": {
      "mean": 0.26782697056703647,
      "std": 0.0007654727747684749
    },
    "Recall@1": {
      "mean": 0.26782697056703647,
      "std": 0.0007654727747684749
    },
    "NDCG@1": {
      "mean": 0.26782697056703647,
      "std": 0.0007654727747684749
    },
    "HitRate@5": {
      "mean": 0.6158236149019887,
      "std": 0.00018418887748418173
    },
    "Recall@5": {
      "mean": 0.6158236149019887,
      "std": 0.00018418887748418173
    },
    "NDCG@5": {
      "mean": 0.44741890311489535,
      "std": 0.0005029094742948074
    },
    "HitRate@10": {
      "mean": 0.793390285113372,
      "std": 0.00044320771645840984
    },
    "Recall@10": {
      "mean": 0.793390285113372,
      "std": 0.00044320771645840984
    },
    "NDCG@10": {
      "mean": 0.50507689006022,
      "std": 0.0005789805775458873
    },
    "HitRate@20": {
      "mean": 0.9305117389198068,
      "std": 0.0003196802490392068
    },
    "Recall@20": {
      "mean": 0.9305117389198068,
      "std": 0.0003196802490392068
    },
    "NDCG@20": {
      "mean": 0.5400397376365867,
      "std": 0.00046777839653582546
    },
    "MRR": {
      "mean": 0.42804347877727755,
      "std": 0.0006228229500653657
    },
    "n_users_evaluated": 28211
  },
  "test_metrics": {
    "test_roc_auc": {
      "mean": 0.929627785228881,
      "std": 8.301788054830889e-05
    },
    "HitRate@1": {
      "mean": 0.28057613460470504,
      "std": 0.00016372344665260954
    },
    "Recall@1": {
      "mean": 0.28057613460470504,
      "std": 0.00016372344665260954
    },
    "NDCG@1": {
      "mean": 0.28057613460470504,
      "std": 0.00016372344665260954
    },
    "HitRate@5": {
      "mean": 0.627001287913698,
      "std": 0.0006548937866105022
    },
    "Recall@5": {
      "mean": 0.627001287913698,
      "std": 0.0006548937866105022
    },
    "NDCG@5": {
      "mean": 0.45882363924402875,
      "std": 0.0004086869257232489
    },
    "HitRate@10": {
      "mean": 0.7996053548852103,
      "std": 0.0007180421161597971
    },
    "Recall@10": {
      "mean": 0.7996053548852103,
      "std": 0.0007180421161597971
    },
    "NDCG@10": {
      "mean": 0.5147974472520075,
      "std": 0.0003958802670255054
    },
    "HitRate@20": {
      "mean": 0.9300154785958196,
      "std": 0.0006587198782869852
    },
    "Recall@20": {
      "mean": 0.9300154785958196,
      "std": 0.0006587198782869852
    },
    "NDCG@20": {
      "mean": 0.5481232733203408,
      "std": 0.0002151285526952524
    },
    "MRR": {
      "mean": 0.43842018642955477,
      "std": 0.0003278329192234288
    },
    "n_users_evaluated": 28211
  },
  "per_seed_val": [
    {
      "seed": 0,
      "fit_seconds": 36282.08980560303,
      "val_roc_auc": 0.9278393658880839,
      "n_users_evaluated": 28211,
      "HitRate@1": 0.26854772960901774,
      "Recall@1": 0.26854772960901774,
      "NDCG@1": 0.26854772960901774,
      "HitRate@5": 0.6160362978979831,
      "Recall@5": 0.6160362978979831,
      "NDCG@5": 0.4479729536578571,
      "HitRate@10": 0.7938392825493602,
      "Recall@10": 0.7938392825493602,
      "NDCG@10": 0.5057405489189587,
      "HitRate@20": 0.9304881074758073,
      "Recall@20": 0.9304881074758073,
      "NDCG@20": 0.5405761236512414,
      "MRR": 0.4287323488746267
    },
    {
      "seed": 1,
      "fit_seconds": 36323.39506816864,
      "val_roc_auc": 0.9276880652935415,
      "n_users_evaluated": 28211,
      "HitRate@1": 0.2679096806210344,
      "Recall@1": 0.2679096806210344,
      "NDCG@1": 0.2679096806210344,
      "HitRate@5": 0.6157172734039914,
      "Recall@5": 0.6157172734039914,
      "NDCG@5": 0.44729250631422374,
      "HitRate@10": 0.7929531033993832,
      "Recall@10": 0.7929531033993832,
      "NDCG@10": 0.5048149619798267,
      "HitRate@20": 0.9302045301478147,
      "Recall@20": 0.9302045301478147,
      "NDCG@20": 0.5398266278456487,
      "MRR": 0.4278779345301044
    },
    {
      "seed": 42,
      "fit_seconds": 36094.13154792786,
      "val_roc_auc": 0.9277369292074735,
      "n_users_evaluated": 28211,
      "HitRate@1": 0.2670235014710574,
      "Recall@1": 0.2670235014710574,
      "NDCG@1": 0.2670235014710574,
      "HitRate@5": 0.6157172734039914,
      "Recall@5": 0.6157172734039914,
      "NDCG@5": 0.44699124937260526,
      "HitRate@10": 0.7933784693913721,
      "Recall@10": 0.7933784693913721,
      "NDCG@10": 0.5046751592818748,
      "HitRate@20": 0.930842579135798,
      "Recall@20": 0.930842579135798,
      "NDCG@20": 0.5397164614128701,
      "MRR": 0.42752015292710166
    }
  ],
  "per_seed_test": [
    {
      "seed": 0,
      "test_roc_auc": 0.9296766449104968,
      "n_users_evaluated": 28211,
      "HitRate@1": 0.28038708305270993,
      "Recall@1": 0.28038708305270993,
      "NDCG@1": 0.28038708305270993,
      "HitRate@5": 0.6273793910176881,
      "Recall@5": 0.6273793910176881,
      "NDCG@5": 0.45923851238960933,
      "HitRate@10": 0.7998298536032045,
      "Recall@10": 0.7998298536032045,
      "NDCG@10": 0.515181148468792,
      "HitRate@20": 0.9295664811598313,
      "Recall@20": 0.9295664811598313,
      "NDCG@20": 0.548341703767503,
      "MRR": 0.43879866801735595
    },
    {
      "seed": 1,
      "test_roc_auc": 0.9295319304825777,
      "n_users_evaluated": 28211,
      "HitRate@1": 0.28067066038070254,
      "Recall@1": 0.28067066038070254,
      "NDCG@1": 0.28067066038070254,
      "HitRate@5": 0.6273793910176881,
      "Recall@5": 0.6273793910176881,
      "NDCG@5": 0.4588109722994256,
      "HitRate@10": 0.8001843252631952,
      "Recall@10": 0.8001843252631952,
      "NDCG@10": 0.5148207738217703,
      "HitRate@20": 0.9297082698238276,
      "Recall@20": 0.9297082698238276,
      "NDCG@20": 0.5479116061616919,
      "MRR": 0.43823712533614667
    },
    {
      "seed": 42,
      "test_roc_auc": 0.9296747802935685,
      "n_users_evaluated": 28211,
      "HitRate@1": 0.28067066038070254,
      "Recall@1": 0.28067066038070254,
      "NDCG@1": 0.28067066038070254,
      "HitRate@5": 0.6262450817057176,
      "Recall@5": 0.6262450817057176,
      "NDCG@5": 0.4584214330430513,
      "HitRate@10": 0.7988018857892312,
      "Recall@10": 0.7988018857892312,
      "NDCG@10": 0.5143904194654603,
      "HitRate@20": 0.9307716848037999,
      "Recall@20": 0.9307716848037999,
      "NDCG@20": 0.5481165100318276,
      "MRR": 0.4382247659351617
    }
  ]
}