{
  "config": {
    "hidden_channels": 128,
    "num_layers": 2,
    "lr": 0.0005,
    "loss": "bpr",
    "mode": "no_net"
  },
  "best_val_roc": 0.9237804578825187,
  "val_metrics": {
    "HitRate@1": 0.19247811137499557,
    "HitRate@5": 0.523271064478395,
    "HitRate@10": 0.7166353550033675,
    "HitRate@20": 0.8924532983587962,
    "Recall@1": 0.19247811137499557,
    "Recall@5": 0.523271064478395,
    "Recall@10": 0.7166353550033675,
    "Recall@20": 0.8924532983587962,
    "NDCG@1": 0.19247811137499557,
    "NDCG@5": 0.3609093678181024,
    "NDCG@10": 0.4235393393333271,
    "NDCG@20": 0.4683294787653388,
    "MRR": 0.34973653010300054,
    "n_users_evaluated": 28211
  },
  "test_metrics": {
    "HitRate@1": 0.20289957817872462,
    "HitRate@5": 0.5338343199461203,
    "HitRate@10": 0.7291127574350431,
    "HitRate@20": 0.8961752507886994,
    "Recall@1": 0.20289957817872462,
    "Recall@5": 0.5338343199461203,
    "Recall@10": 0.7291127574350431,
    "Recall@20": 0.8961752507886994,
    "NDCG@1": 0.20289957817872462,
    "NDCG@5": 0.3717026091676068,
    "NDCG@10": 0.4348885044361438,
    "NDCG@20": 0.4773046721774314,
    "MRR": 0.359860154228877,
    "n_users_evaluated": 28211
  }
}