{
  "model_type": "xgb",
  "feature_set": "network",
  "dataset_type": "network_sim",
  "dataset_dir": "/home/anci/new/correct_splits/with_genre_groups_network_fixed_sim",
  "seeds": [
    42,
    0,
    1
  ],
  "train_rows": 40443381,
  "val_rows": 202000,
  "test_rows": 202000,
  "xgb_njobs": 8,
  "ohe_max_categories": 100,
  "ohe_min_frequency": 50,
  "learning_curve_max_rows": 1000000,
  "best_params": {
    "n_estimators": 300,
    "max_depth": 6,
    "learning_rate": 0.1,
    "min_child_weight": 5,
    "subsample": 0.8,
    "colsample_bytree": 0.8,
    "reg_lambda": 2.0,
    "reg_alpha": 0.1
  },
  "val_metrics": {
    "val_roc_auc": {
      "mean": 0.9993826445833335,
      "std": 3.378216430821623e-05
    },
    "HitRate@1": {
      "mean": 0.9933333333333333,
      "std": 0.00023570226039554222
    },
    "Recall@1": {
      "mean": 0.9933333333333333,
      "std": 0.00023570226039554222
    },
    "NDCG@1": {
      "mean": 0.9933333333333333,
      "std": 0.00023570226039554222
    },
    "HitRate@5": {
      "mean": 0.9966666666666667,
      "std": 0.00023570226039548988
    },
    "Recall@5": {
      "mean": 0.9966666666666667,
      "std": 0.00023570226039548988
    },
    "NDCG@5": {
      "mean": 0.9950019787053036,
      "std": 0.00017448066406538604
    },
    "HitRate@10": {
      "mean": 0.9975,
      "std": 0.0
    },
    "Recall@10": {
      "mean": 0.9975,
      "std": 0.0
    },
    "NDCG@10": {
      "mean": 0.9952698229367295,
      "std": 0.00010596630609975818
    },
    "HitRate@20": {
      "mean": 0.9983333333333334,
      "std": 0.00023570226039554222
    },
    "Recall@20": {
      "mean": 0.9983333333333334,
      "std": 0.00023570226039554222
    },
    "NDCG@20": {
      "mean": 0.995468625583697,
      "std": 0.00012153343132801863
    },
    "MRR": {
      "mean": 0.9946714092851047,
      "std": 0.00014228545362166985
    },
    "n_users_evaluated": 2000
  },
  "test_metrics": {
    "test_roc_auc": {
      "mean": 0.9992274116666667,
      "std": 4.9327869249718006e-05
    },
    "HitRate@1": {
      "mean": 0.9946666666666667,
      "std": 0.00023570226039548988
    },
    "Recall@1": {
      "mean": 0.9946666666666667,
      "std": 0.00023570226039548988
    },
    "NDCG@1": {
      "mean": 0.9946666666666667,
      "std": 0.00023570226039548988
    },
    "HitRate@5": {
      "mean": 0.996,
      "std": 0.0
    },
    "Recall@5": {
      "mean": 0.996,
      "std": 0.0
    },
    "NDCG@5": {
      "mean": 0.9953191167997608,
      "std": 0.0001341908221582588
    },
    "HitRate@10": {
      "mean": 0.9973333333333333,
      "std": 0.00023570226039554222
    },
    "Recall@10": {
      "mean": 0.9973333333333333,
      "std": 0.00023570226039554222
    },
    "NDCG@10": {
      "mean": 0.9957500619223132,
      "std": 7.337429726511016e-05
    },
    "HitRate@20": {
      "mean": 0.9983333333333334,
      "std": 0.00023570226039554222
    },
    "Recall@20": {
      "mean": 0.9983333333333334,
      "std": 0.00023570226039554222
    },
    "NDCG@20": {
      "mean": 0.9960195568823137,
      "std": 7.756032703163055e-05
    },
    "MRR": {
      "mean": 0.9954159800658364,
      "std": 0.00017433980839563429
    },
    "n_users_evaluated": 2000
  },
  "per_seed_val": [
    {
      "seed": 42,
      "fit_seconds": 1119.2506530284882,
      "val_roc_auc": 0.999422875,
      "n_users_evaluated": 2000,
      "HitRate@1": 0.9935,
      "Recall@1": 0.9935,
      "NDCG@1": 0.9935,
      "HitRate@5": 0.997,
      "Recall@5": 0.997,
      "NDCG@5": 0.9952331208398426,
      "HitRate@10": 0.9975,
      "Recall@10": 0.9975,
      "NDCG@10": 0.9953997875065093,
      "HitRate@20": 0.9985,
      "Recall@20": 0.9985,
      "NDCG@20": 0.9956404766130893,
      "MRR": 0.9948434188477059
    },
    {
      "seed": 0,
      "fit_seconds": 1107.2830011844635,
      "val_roc_auc": 0.999384845,
      "n_users_evaluated": 2000,
      "HitRate@1": 0.993,
      "Recall@1": 0.993,
      "NDCG@1": 0.993,
      "HitRate@5": 0.9965,
      "Recall@5": 0.9965,
      "NDCG@5": 0.9948116063116448,
      "HitRate@10": 0.9975,
      "Recall@10": 0.9975,
      "NDCG@10": 0.9951402249030309,
      "HitRate@20": 0.9985,
      "Recall@20": 0.9985,
      "NDCG@20": 0.9953802546307734,
      "MRR": 0.9944949763099219
    },
    {
      "seed": 1,
      "fit_seconds": 1099.0439453125,
      "val_roc_auc": 0.99934021375,
      "n_users_evaluated": 2000,
      "HitRate@1": 0.9935,
      "Recall@1": 0.9935,
      "NDCG@1": 0.9935,
      "HitRate@5": 0.9965,
      "Recall@5": 0.9965,
      "NDCG@5": 0.9949612089644232,
      "HitRate@10": 0.9975,
      "Recall@10": 0.9975,
      "NDCG@10": 0.9952694564006481,
      "HitRate@20": 0.998,
      "Recall@20": 0.998,
      "NDCG@20": 0.995385145507228,
      "MRR": 0.9946758326976862
    }
  ],
  "per_seed_test": [
    {
      "seed": 42,
      "test_roc_auc": 0.9991920975,
      "n_users_evaluated": 2000,
      "HitRate@1": 0.995,
      "Recall@1": 0.995,
      "NDCG@1": 0.995,
      "HitRate@5": 0.996,
      "Recall@5": 0.996,
      "NDCG@5": 0.995508891280403,
      "HitRate@10": 0.997,
      "Recall@10": 0.997,
      "NDCG@10": 0.9958536615406236,
      "HitRate@20": 0.998,
      "Recall@20": 0.998,
      "NDCG@20": 0.9961282520906628,
      "MRR": 0.9956616644366645
    },
    {
      "seed": 0,
      "test_roc_auc": 0.99929717,
      "n_users_evaluated": 2000,
      "HitRate@1": 0.9945,
      "Recall@1": 0.9945,
      "NDCG@1": 0.9945,
      "HitRate@5": 0.996,
      "Recall@5": 0.996,
      "NDCG@5": 0.9952242295594397,
      "HitRate@10": 0.9975,
      "Recall@10": 0.9975,
      "NDCG@10": 0.9957033631486577,
      "HitRate@20": 0.9985,
      "Recall@20": 0.9985,
      "NDCG@20": 0.9959779536986969,
      "MRR": 0.9953110528360528
    },
    {
      "seed": 1,
      "test_roc_auc": 0.9991929675000001,
      "n_users_evaluated": 2000,
      "HitRate@1": 0.9945,
      "Recall@1": 0.9945,
      "NDCG@1": 0.9945,
      "HitRate@5": 0.996,
      "Recall@5": 0.996,
      "NDCG@5": 0.9952242295594397,
      "HitRate@10": 0.9975,
      "Recall@10": 0.9975,
      "NDCG@10": 0.9956931610776582,
      "HitRate@20": 0.9985,
      "Recall@20": 0.9985,
      "NDCG@20": 0.9959524648575816,
      "MRR": 0.9952752229247919
    }
  ]
}