{
  "model_type": "xgb",
  "feature_set": "network",
  "dataset_type": "network_sim",
  "seed": 42,
  "train_rows": 40443381,
  "val_rows": 202000,
  "test_rows": 202000,
  "xgb_njobs": 8,
  "ohe_max_categories": 100,
  "ohe_min_frequency": 50,
  "learning_curve_max_rows": 1000000,
  "best_params": {
    "n_estimators": 300,
    "max_depth": 6,
    "learning_rate": 0.1,
    "min_child_weight": 5,
    "subsample": 0.8,
    "colsample_bytree": 0.8,
    "reg_lambda": 2.0,
    "reg_alpha": 0.1
  },
  "best_val": {
    "trial": 4,
    "n_estimators": 300,
    "max_depth": 6,
    "learning_rate": 0.1,
    "min_child_weight": 5,
    "subsample": 0.8,
    "colsample_bytree": 0.8,
    "reg_lambda": 2.0,
    "reg_alpha": 0.1,
    "fit_seconds": 1050.6643347740173,
    "val_roc_auc": 0.999422875,
    "n_users_evaluated": 2000,
    "HitRate@1": 0.9935,
    "Recall@1": 0.9935,
    "NDCG@1": 0.9935,
    "HitRate@5": 0.997,
    "Recall@5": 0.997,
    "NDCG@5": 0.9952331208398426,
    "HitRate@10": 0.9975,
    "Recall@10": 0.9975,
    "NDCG@10": 0.9953997875065093,
    "HitRate@20": 0.9985,
    "Recall@20": 0.9985,
    "NDCG@20": 0.9956404766130893,
    "MRR": 0.9948434188477059
  },
  "test_roc_auc": 0.9991920975,
  "n_users_evaluated": 2000,
  "HitRate@1": 0.995,
  "Recall@1": 0.995,
  "NDCG@1": 0.995,
  "HitRate@5": 0.996,
  "Recall@5": 0.996,
  "NDCG@5": 0.995508891280403,
  "HitRate@10": 0.997,
  "Recall@10": 0.997,
  "NDCG@10": 0.9958536615406236,
  "HitRate@20": 0.998,
  "Recall@20": 0.998,
  "NDCG@20": 0.9961282520906628,
  "MRR": 0.9956616644366645
}