{
  "model_type": "xgb",
  "dataset_type": "baseline_sim",
  "seed": 42,
  "train_rows": 40562984,
  "val_rows": 202000,
  "test_rows": 202000,
  "xgb_njobs": 8,
  "ohe_max_categories": 100,
  "ohe_min_frequency": 50,
  "learning_curve_max_rows": 1000000,
  "best_params": {
    "n_estimators": 300,
    "max_depth": 6,
    "learning_rate": 0.1,
    "min_child_weight": 5,
    "subsample": 0.8,
    "colsample_bytree": 0.8,
    "reg_lambda": 2.0,
    "reg_alpha": 0.1
  },
  "best_val": {
    "trial": 4,
    "n_estimators": 300,
    "max_depth": 6,
    "learning_rate": 0.1,
    "min_child_weight": 5,
    "subsample": 0.8,
    "colsample_bytree": 0.8,
    "reg_lambda": 2.0,
    "reg_alpha": 0.1,
    "fit_seconds": 528.5191977024078,
    "val_roc_auc": 0.96934211625,
    "n_users_evaluated": 2000,
    "HitRate@1": 0.7835,
    "Recall@1": 0.7835,
    "NDCG@1": 0.7835,
    "HitRate@5": 0.8755,
    "Recall@5": 0.8755,
    "NDCG@5": 0.8314520860672251,
    "HitRate@10": 0.9055,
    "Recall@10": 0.9055,
    "NDCG@10": 0.8412203902341434,
    "HitRate@20": 0.9375,
    "Recall@20": 0.9375,
    "NDCG@20": 0.8492921904884129,
    "MRR": 0.8249587358988586
  },
  "test_roc_auc": 0.9692379662500001,
  "n_users_evaluated": 2000,
  "HitRate@1": 0.789,
  "Recall@1": 0.789,
  "NDCG@1": 0.789,
  "HitRate@5": 0.8745,
  "Recall@5": 0.8745,
  "NDCG@5": 0.8344077084303314,
  "HitRate@10": 0.904,
  "Recall@10": 0.904,
  "NDCG@10": 0.8441139157628107,
  "HitRate@20": 0.935,
  "Recall@20": 0.935,
  "NDCG@20": 0.8519491261317037,
  "MRR": 0.829184008444931
}