{
  "model_type": "xgb",
  "feature_set": "baseline",
  "dataset_type": "baseline_sim",
  "dataset_dir": "/home/anci/new/correct_splits/with_genre_groups_network_fixed_sim",
  "seeds": [
    42,
    0,
    1
  ],
  "train_rows": 40443381,
  "val_rows": 202000,
  "test_rows": 202000,
  "xgb_njobs": 8,
  "ohe_max_categories": 100,
  "ohe_min_frequency": 50,
  "learning_curve_max_rows": 1000000,
  "best_params": {
    "n_estimators": 300,
    "max_depth": 6,
    "learning_rate": 0.1,
    "min_child_weight": 5,
    "subsample": 0.8,
    "colsample_bytree": 0.8,
    "reg_lambda": 2.0,
    "reg_alpha": 0.1
  },
  "val_metrics": {
    "val_roc_auc": {
      "mean": 0.9679249858333333,
      "std": 0.0005608056792931477
    },
    "HitRate@1": {
      "mean": 0.7756666666666666,
      "std": 0.004478342947514822
    },
    "Recall@1": {
      "mean": 0.7756666666666666,
      "std": 0.004478342947514822
    },
    "NDCG@1": {
      "mean": 0.7756666666666666,
      "std": 0.004478342947514822
    },
    "HitRate@5": {
      "mean": 0.8635,
      "std": 0.0010801234497346273
    },
    "Recall@5": {
      "mean": 0.8635,
      "std": 0.0010801234497346273
    },
    "NDCG@5": {
      "mean": 0.8222239385269893,
      "std": 0.002948898221979323
    },
    "HitRate@10": {
      "mean": 0.9045,
      "std": 0.0017795130420052304
    },
    "Recall@10": {
      "mean": 0.9045,
      "std": 0.0017795130420052304
    },
    "NDCG@10": {
      "mean": 0.8354227446712056,
      "std": 0.0032075879643307576
    },
    "HitRate@20": {
      "mean": 0.9405000000000001,
      "std": 0.0021602468994692888
    },
    "Recall@20": {
      "mean": 0.9405000000000001,
      "std": 0.0021602468994692888
    },
    "NDCG@20": {
      "mean": 0.8445874372555107,
      "std": 0.0030665095845177227
    },
    "MRR": {
      "mean": 0.818120735985897,
      "std": 0.0037002566680936046
    },
    "n_users_evaluated": 2000
  },
  "test_metrics": {
    "test_roc_auc": {
      "mean": 0.9673732041666666,
      "std": 0.00045019083296740414
    },
    "HitRate@1": {
      "mean": 0.7784999999999999,
      "std": 0.0032659863237109073
    },
    "Recall@1": {
      "mean": 0.7784999999999999,
      "std": 0.0032659863237109073
    },
    "NDCG@1": {
      "mean": 0.7784999999999999,
      "std": 0.0032659863237109073
    },
    "HitRate@5": {
      "mean": 0.8610000000000001,
      "std": 0.00267706306736815
    },
    "Recall@5": {
      "mean": 0.8610000000000001,
      "std": 0.00267706306736815
    },
    "NDCG@5": {
      "mean": 0.822712083711498,
      "std": 0.00266193667891318
    },
    "HitRate@10": {
      "mean": 0.8951666666666666,
      "std": 0.003704351795148818
    },
    "Recall@10": {
      "mean": 0.8951666666666666,
      "std": 0.003704351795148818
    },
    "NDCG@10": {
      "mean": 0.8337687766970104,
      "std": 0.002438602350427805
    },
    "HitRate@20": {
      "mean": 0.9351666666666668,
      "std": 0.002248456260538651
    },
    "Recall@20": {
      "mean": 0.9351666666666668,
      "std": 0.002248456260538651
    },
    "NDCG@20": {
      "mean": 0.8439341918834797,
      "std": 0.0022451520118369856
    },
    "MRR": {
      "mean": 0.8191320332527884,
      "std": 0.002514267982681512
    },
    "n_users_evaluated": 2000
  },
  "per_seed_val": [
    {
      "seed": 42,
      "fit_seconds": 497.81401562690735,
      "val_roc_auc": 0.96716122875,
      "n_users_evaluated": 2000,
      "HitRate@1": 0.7695,
      "Recall@1": 0.7695,
      "NDCG@1": 0.7695,
      "HitRate@5": 0.863,
      "Recall@5": 0.863,
      "NDCG@5": 0.8183857308520383,
      "HitRate@10": 0.903,
      "Recall@10": 0.903,
      "NDCG@10": 0.8312833663365374,
      "HitRate@20": 0.9385,
      "Recall@20": 0.9385,
      "NDCG@20": 0.8403171379481161,
      "MRR": 0.813129979748122
    },
    {
      "seed": 0,
      "fit_seconds": 495.55070781707764,
      "val_roc_auc": 0.96849196125,
      "n_users_evaluated": 2000,
      "HitRate@1": 0.78,
      "Recall@1": 0.78,
      "NDCG@1": 0.78,
      "HitRate@5": 0.865,
      "Recall@5": 0.865,
      "NDCG@5": 0.8255555304063078,
      "HitRate@10": 0.907,
      "Recall@10": 0.907,
      "NDCG@10": 0.8390993224704115,
      "HitRate@20": 0.9395,
      "Recall@20": 0.9395,
      "NDCG@20": 0.8473772848677034,
      "MRR": 0.8219788735281565
    },
    {
      "seed": 1,
      "fit_seconds": 484.2859048843384,
      "val_roc_auc": 0.9681217675,
      "n_users_evaluated": 2000,
      "HitRate@1": 0.7775,
      "Recall@1": 0.7775,
      "NDCG@1": 0.7775,
      "HitRate@5": 0.8625,
      "Recall@5": 0.8625,
      "NDCG@5": 0.8227305543226218,
      "HitRate@10": 0.9035,
      "Recall@10": 0.9035,
      "NDCG@10": 0.8358855452066682,
      "HitRate@20": 0.9435,
      "Recall@20": 0.9435,
      "NDCG@20": 0.8460678889507124,
      "MRR": 0.8192533546814125
    }
  ],
  "per_seed_test": [
    {
      "seed": 42,
      "test_roc_auc": 0.9667584362499999,
      "n_users_evaluated": 2000,
      "HitRate@1": 0.7745,
      "Recall@1": 0.7745,
      "NDCG@1": 0.7745,
      "HitRate@5": 0.8575,
      "Recall@5": 0.8575,
      "NDCG@5": 0.8195664995750498,
      "HitRate@10": 0.891,
      "Recall@10": 0.891,
      "NDCG@10": 0.8303920669838222,
      "HitRate@20": 0.9325,
      "Recall@20": 0.9325,
      "NDCG@20": 0.8409538876976344,
      "MRR": 0.8161863790621792
    },
    {
      "seed": 0,
      "test_roc_auc": 0.9675372250000001,
      "n_users_evaluated": 2000,
      "HitRate@1": 0.7825,
      "Recall@1": 0.7825,
      "NDCG@1": 0.7825,
      "HitRate@5": 0.864,
      "Recall@5": 0.864,
      "NDCG@5": 0.8260759189545811,
      "HitRate@10": 0.8945,
      "Recall@10": 0.8945,
      "NDCG@10": 0.8360642112599964,
      "HitRate@20": 0.935,
      "Recall@20": 0.935,
      "NDCG@20": 0.8463727118134033,
      "MRR": 0.8223295795354147
    },
    {
      "seed": 1,
      "test_roc_auc": 0.96782395125,
      "n_users_evaluated": 2000,
      "HitRate@1": 0.7785,
      "Recall@1": 0.7785,
      "NDCG@1": 0.7785,
      "HitRate@5": 0.8615,
      "Recall@5": 0.8615,
      "NDCG@5": 0.822493832604863,
      "HitRate@10": 0.9,
      "Recall@10": 0.9,
      "NDCG@10": 0.834850051847213,
      "HitRate@20": 0.938,
      "Recall@20": 0.938,
      "NDCG@20": 0.8444759761394016,
      "MRR": 0.8188801411607712
    }
  ]
}