{
  "model_type": "xgb",
  "feature_set": "baseline",
  "seed": 42,
  "train_rows": 40443381,
  "val_rows": 202000,
  "test_rows": 202000,
  "xgb_njobs": 8,
  "ohe_max_categories": 100,
  "ohe_min_frequency": 50,
  "learning_curve_max_rows": 1000000,
  "best_params": {
    "n_estimators": 300,
    "max_depth": 6,
    "learning_rate": 0.1,
    "min_child_weight": 5,
    "subsample": 0.8,
    "colsample_bytree": 0.8,
    "reg_lambda": 2.0,
    "reg_alpha": 0.1
  },
  "best_val": {
    "trial": 4,
    "n_estimators": 300,
    "max_depth": 6,
    "learning_rate": 0.1,
    "min_child_weight": 5,
    "subsample": 0.8,
    "colsample_bytree": 0.8,
    "reg_lambda": 2.0,
    "reg_alpha": 0.1,
    "fit_seconds": 523.4663617610931,
    "val_roc_auc": 0.96716122875,
    "n_users_evaluated": 2000,
    "HitRate@1": 0.7695,
    "Recall@1": 0.7695,
    "NDCG@1": 0.7695,
    "HitRate@5": 0.863,
    "Recall@5": 0.863,
    "NDCG@5": 0.8183857308520383,
    "HitRate@10": 0.903,
    "Recall@10": 0.903,
    "NDCG@10": 0.8312833663365374,
    "HitRate@20": 0.9385,
    "Recall@20": 0.9385,
    "NDCG@20": 0.8403171379481161,
    "MRR": 0.813129979748122
  },
  "test_roc_auc": 0.9667584362499999,
  "n_users_evaluated": 2000,
  "HitRate@1": 0.7745,
  "Recall@1": 0.7745,
  "NDCG@1": 0.7745,
  "HitRate@5": 0.8575,
  "Recall@5": 0.8575,
  "NDCG@5": 0.8195664995750498,
  "HitRate@10": 0.891,
  "Recall@10": 0.891,
  "NDCG@10": 0.8303920669838222,
  "HitRate@20": 0.9325,
  "Recall@20": 0.9325,
  "NDCG@20": 0.8409538876976344,
  "MRR": 0.8161863790621792
}