{
  "config": {
    "hidden_channels": 128,
    "num_layers": 2,
    "lr": 0.0005,
    "loss": "bpr",
    "mode": "with_net"
  },
  "best_val_roc": 0.9248640971663427,
  "val_metrics": {
    "HitRate@1": 0.20261600085073198,
    "HitRate@5": 0.5380170855340115,
    "HitRate@10": 0.7307787742369998,
    "HitRate@20": 0.8990464712346248,
    "Recall@1": 0.20261600085073198,
    "Recall@5": 0.5380170855340115,
    "Recall@10": 0.7307787742369998,
    "Recall@20": 0.8990464712346248,
    "NDCG@1": 0.20261600085073198,
    "NDCG@5": 0.3737736973557738,
    "NDCG@10": 0.4362943915578184,
    "NDCG@20": 0.4791020475928472,
    "MRR": 0.36112405198527725,
    "n_users_evaluated": 28211
  },
  "test_metrics": {
    "HitRate@1": 0.20729502676261033,
    "HitRate@5": 0.5461344865478005,
    "HitRate@10": 0.7365566622948495,
    "HitRate@20": 0.9004289107085889,
    "Recall@1": 0.20729502676261033,
    "Recall@5": 0.5461344865478005,
    "Recall@10": 0.7365566622948495,
    "Recall@20": 0.9004289107085889,
    "NDCG@1": 0.20729502676261033,
    "NDCG@5": 0.3810175742678832,
    "NDCG@10": 0.4426932551793056,
    "NDCG@20": 0.48441930026704577,
    "MRR": 0.367246234841923,
    "n_users_evaluated": 28211
  }
}