{
  "best_config": {
    "hidden_channels": 256,
    "num_layers": 4,
    "lr": 0.0005,
    "loss": "bpr",
    "mode": "no_net"
  },
  "best_val_roc": 0.9100170947787218,
  "best_train_roc": [
    0.863449762978379,
    0.8767707249392993,
    0.8751328477280611,
    0.8779908659960689,
    0.8863211932015262,
    0.8855683894091803,
    0.8976063128685399,
    0.8932245346282808,
    0.8916872470805874,
    0.900839287778934,
    0.9004842756388021,
    0.8988219447334951,
    0.9091662619956066,
    0.893357035495433,
    0.9053270898369754,
    0.908133483639727,
    0.9038076078159325,
    0.8943494045554399,
    0.9025475777546539,
    0.9019936408833392
  ],
  "best_val_roc_history": [
    0.8957094961429802,
    0.9004899163417605,
    0.9043124956439446,
    0.9058484601348884,
    0.9077517352377882,
    0.9090632423266034,
    0.9100019608084065,
    0.9082527795156208,
    0.9113519108142819,
    0.9124901047453766,
    0.9118433875048313,
    0.9130400076095747,
    0.9136441258530522,
    0.9130352358186643,
    0.9131284807567431,
    0.9132009459293182,
    0.9141897814592065,
    0.9140237902691494,
    0.9136171225912587,
    0.9153469160709884
  ],
  "val_metrics": {
    "HitRate@1": 0.18304916521924072,
    "HitRate@5": 0.48651235333735066,
    "HitRate@10": 0.6832086774662366,
    "HitRate@20": 0.8762539434972174,
    "Recall@1": 0.18304916521924072,
    "Recall@5": 0.48651235333735066,
    "Recall@10": 0.6832086774662366,
    "Recall@20": 0.8762539434972174,
    "NDCG@1": 0.18304916521924072,
    "NDCG@5": 0.33650660344097705,
    "NDCG@10": 0.3999766998307411,
    "NDCG@20": 0.44909064793424425,
    "MRR": 0.3313563819510726,
    "n_users_evaluated": 28211
  },
  "test_metrics": {
    "HitRate@1": 0.191308354897026,
    "HitRate@5": 0.4951614618411258,
    "HitRate@10": 0.6909361596540357,
    "HitRate@20": 0.8784516677891603,
    "Recall@1": 0.191308354897026,
    "Recall@5": 0.4951614618411258,
    "Recall@10": 0.6909361596540357,
    "Recall@20": 0.8784516677891603,
    "NDCG@1": 0.191308354897026,
    "NDCG@5": 0.3459096007433145,
    "NDCG@10": 0.4090438561030869,
    "NDCG@20": 0.45665369839857356,
    "MRR": 0.3401984308816658,
    "n_users_evaluated": 28211
  }
}