{
  "best_config": {
    "hidden_channels": 256,
    "num_layers": 4,
    "lr": 0.0005,
    "loss": "bpr",
    "mode": "with_net"
  },
  "best_val_roc": 0.9127812221502316,
  "best_train_roc": [
    0.863919643889467,
    0.8780539946814662,
    0.8842816510579258,
    0.8845480402358654,
    0.8921910047404323,
    0.893358769799977,
    0.8938479593016533,
    0.8903929934096426,
    0.8990138744363511,
    0.8897576598450688,
    0.9054688403283617,
    0.914083362238409,
    0.9066215747485259,
    0.8957562724014336,
    0.8987885304659498,
    0.9033407330327204,
    0.9068255289628859,
    0.89649762978379,
    0.9088032142444213,
    0.9066960342236097
  ],
  "best_val_roc_history": [
    0.9015034483159141,
    0.9052246916265871,
    0.908707467674477,
    0.9098048273335572,
    0.9110359126860119,
    0.9117424728999719,
    0.9126392599765607,
    0.9130842474029441,
    0.9132473094113938,
    0.9135437937623242,
    0.9133822997987358,
    0.9146101283367969,
    0.9148838032512484,
    0.9148879482614768,
    0.9159449312726997,
    0.9159020602241933,
    0.915971651256213,
    0.9163662824657187,
    0.9167947891525077,
    0.9163471178952975
  ],
  "val_metrics": {
    "HitRate@1": 0.184077133033214,
    "HitRate@5": 0.4916876395732161,
    "HitRate@10": 0.6884548580341002,
    "HitRate@20": 0.8804367090851086,
    "Recall@1": 0.184077133033214,
    "Recall@5": 0.4916876395732161,
    "Recall@10": 0.6884548580341002,
    "Recall@20": 0.8804367090851086,
    "NDCG@1": 0.184077133033214,
    "NDCG@5": 0.3404811478367637,
    "NDCG@10": 0.40398834193772737,
    "NDCG@20": 0.45276540553020383,
    "MRR": 0.33462955477305006,
    "n_users_evaluated": 28211
  },
  "test_metrics": {
    "HitRate@1": 0.19517209599092553,
    "HitRate@5": 0.4989543086030272,
    "HitRate@10": 0.6973875438658679,
    "HitRate@20": 0.8821027258870653,
    "Recall@1": 0.19517209599092553,
    "Recall@5": 0.4989543086030272,
    "Recall@10": 0.6973875438658679,
    "Recall@20": 0.8821027258870653,
    "NDCG@1": 0.19517209599092553,
    "NDCG@5": 0.3498498561717657,
    "NDCG@10": 0.4139153990045359,
    "NDCG@20": 0.46082284790923866,
    "MRR": 0.3443020487800702,
    "n_users_evaluated": 28211
  }
}