{
  "config": {
    "hidden_channels": 256,
    "num_layers": 4,
    "lr": 0.0005,
    "loss": "bpr",
    "mode": "with_net",
    "seeds": [
      42,
      0,
      1
    ]
  },
  "val_metrics": {
    "HitRate@1": {
      "mean": 0.1826001677832524,
      "std": 0.002012977390762175
    },
    "HitRate@5": {
      "mean": 0.49039972587524955,
      "std": 0.005076939522285561
    },
    "HitRate@10": {
      "mean": 0.6886439095860952,
      "std": 0.003386930905142316
    },
    "HitRate@20": {
      "mean": 0.8800822374251179,
      "std": 0.001754783899021593
    },
    "Recall@1": {
      "mean": 0.1826001677832524,
      "std": 0.002012977390762175
    },
    "Recall@5": {
      "mean": 0.49039972587524955,
      "std": 0.005076939522285561
    },
    "Recall@10": {
      "mean": 0.6886439095860952,
      "std": 0.003386930905142316
    },
    "Recall@20": {
      "mean": 0.8800822374251179,
      "std": 0.001754783899021593
    },
    "NDCG@1": {
      "mean": 0.1826001677832524,
      "std": 0.002012977390762175
    },
    "NDCG@5": {
      "mean": 0.33854570102337306,
      "std": 0.0032951228938930934
    },
    "NDCG@10": {
      "mean": 0.40255829691713757,
      "std": 0.002646940925522375
    },
    "NDCG@20": {
      "mean": 0.45119527855493163,
      "std": 0.0023166558028904828
    },
    "MRR": {
      "mean": 0.33274807599005907,
      "std": 0.0023877056596467963
    },
    "n_users_evaluated": 28211
  },
  "test_metrics": {
    "HitRate@1": {
      "mean": 0.19172190516701523,
      "std": 0.0020412835308009276
    },
    "HitRate@5": {
      "mean": 0.4999113820850023,
      "std": 0.003340695587773114
    },
    "HitRate@10": {
      "mean": 0.6975647796958633,
      "std": 0.004187069103219065
    },
    "HitRate@20": {
      "mean": 0.8811338366830905,
      "std": 0.0013714383872529096
    },
    "Recall@1": {
      "mean": 0.19172190516701523,
      "std": 0.0020412835308009276
    },
    "Recall@5": {
      "mean": 0.4999113820850023,
      "std": 0.003340695587773114
    },
    "Recall@10": {
      "mean": 0.6975647796958633,
      "std": 0.004187069103219065
    },
    "Recall@20": {
      "mean": 0.8811338366830905,
      "std": 0.0013714383872529096
    },
    "NDCG@1": {
      "mean": 0.19172190516701523,
      "std": 0.0020412835308009276
    },
    "NDCG@5": {
      "mean": 0.3482613755463015,
      "std": 0.0017894029973330291
    },
    "NDCG@10": {
      "mean": 0.41217743288673175,
      "std": 0.0020891119970713116
    },
    "NDCG@20": {
      "mean": 0.4588363163054008,
      "std": 0.0015130251228900823
    },
    "MRR": {
      "mean": 0.3419146945326806,
      "std": 0.0016706649571358119
    },
    "n_users_evaluated": 28211
  },
  "per_seed_val": [
    {
      "HitRate@1": 0.18070965226330155,
      "HitRate@5": 0.4833221083974336,
      "HitRate@10": 0.6839176207862181,
      "HitRate@20": 0.8776009358051824,
      "Recall@1": 0.18070965226330155,
      "Recall@5": 0.4833221083974336,
      "Recall@10": 0.6839176207862181,
      "Recall@20": 0.8776009358051824,
      "NDCG@1": 0.18070965226330155,
      "NDCG@5": 0.3342852096343081,
      "NDCG@10": 0.39902734008636487,
      "NDCG@20": 0.44822761100873665,
      "MRR": 0.32991886102562923,
      "n_users_evaluated": 28211.0
    },
    {
      "HitRate@1": 0.18170217291127574,
      "HitRate@5": 0.4928928432171848,
      "HitRate@10": 0.6916805501400163,
      "HitRate@20": 0.8813583354010847,
      "Recall@1": 0.18170217291127574,
      "Recall@5": 0.4928928432171848,
      "Recall@10": 0.6916805501400163,
      "Recall@20": 0.8813583354010847,
      "NDCG@1": 0.18170217291127574,
      "NDCG@5": 0.33904104238689264,
      "NDCG@10": 0.4032473449867875,
      "NDCG@20": 0.45147700868647184,
      "MRR": 0.33256632371036293,
      "n_users_evaluated": 28211.0
    },
    {
      "HitRate@1": 0.1853886781751799,
      "HitRate@5": 0.4949842260111304,
      "HitRate@10": 0.6903335578320513,
      "HitRate@20": 0.8812874410690865,
      "Recall@1": 0.1853886781751799,
      "Recall@5": 0.4949842260111304,
      "Recall@10": 0.6903335578320513,
      "Recall@20": 0.8812874410690865,
      "NDCG@1": 0.1853886781751799,
      "NDCG@5": 0.3423108510489185,
      "NDCG@10": 0.40540020567826046,
      "NDCG@20": 0.4538812159695863,
      "MRR": 0.33575904323418504,
      "n_users_evaluated": 28211.0
    }
  ],
  "per_seed_test": [
    {
      "HitRate@1": 0.19180461522101308,
      "HitRate@5": 0.4951969090071249,
      "HitRate@10": 0.6916451029740173,
      "HitRate@20": 0.8791960582751409,
      "Recall@1": 0.19180461522101308,
      "Recall@5": 0.4951969090071249,
      "Recall@10": 0.6916451029740173,
      "Recall@20": 0.8791960582751409,
      "NDCG@1": 0.19180461522101308,
      "NDCG@5": 0.34623930523783325,
      "NDCG@10": 0.40973140011130693,
      "NDCG@20": 0.4574140430204124,
      "MRR": 0.34091294012800655,
      "n_users_evaluated": 28211.0
    },
    {
      "HitRate@1": 0.1891815249370813,
      "HitRate@5": 0.5025344723689341,
      "HitRate@10": 0.7004005529757896,
      "HitRate@20": 0.8821736202190635,
      "Recall@1": 0.1891815249370813,
      "Recall@5": 0.5025344723689341,
      "Recall@10": 0.7004005529757896,
      "Recall@20": 0.8821736202190635,
      "NDCG@1": 0.1891815249370813,
      "NDCG@5": 0.3479546973853546,
      "NDCG@10": 0.41196543145203846,
      "NDCG@20": 0.458162995812101,
      "MRR": 0.3405624532328599,
      "n_users_evaluated": 28211.0
    },
    {
      "HitRate@1": 0.19417957534295133,
      "HitRate@5": 0.5020027648789479,
      "HitRate@10": 0.7006486831377832,
      "HitRate@20": 0.8820318315550671,
      "Recall@1": 0.19417957534295133,
      "Recall@5": 0.5020027648789479,
      "Recall@10": 0.7006486831377832,
      "Recall@20": 0.8820318315550671,
      "NDCG@1": 0.19417957534295133,
      "NDCG@5": 0.3505901240157165,
      "NDCG@10": 0.4148354670968497,
      "NDCG@20": 0.46093191008368906,
      "MRR": 0.34426869023717543,
      "n_users_evaluated": 28211.0
    }
  ],
  "train_roc_history": [
    [
      0.8756479361775928,
      0.8678300381546998,
      0.8883822407214707,
      0.8870036998496937,
      0.8928885420279801,
      0.8992673141403631,
      0.8986771881142328,
      0.9030043935715112,
      0.8989332870852121,
      0.8981669557174239,
      0.9000009249624233,
      0.9018969244999423,
      0.9041821019771071,
      0.9082221066019192,
      0.9084598219447335,
      0.9125369406867846,
      0.9112776043473234,
      0.9007562724014336,
      0.9054097583535669,
      0.9059821944733495
    ],
    [
      0.8734631749335183,
      0.8721404786680542,
      0.8803078968666898,
      0.8843851312290439,
      0.8930297144178517,
      0.8869034570470573,
      0.9014642155162447,
      0.8943492889351369,
      0.8967072493929934,
      0.8962422245346282,
      0.9013124060585039,
      0.908636836628512,
      0.8981353913747254,
      0.9066345242224536,
      0.90735691987513,
      0.9040230084402819,
      0.9064395305815702,
      0.9093704474505724,
      0.9120612787605503,
      0.9120284425945197
    ],
    [
      0.8710662504335762,
      0.8752061510001156,
      0.8863137935021389,
      0.8938787143022315,
      0.8910418545496589,
      0.8898477280610475,
      0.8869945658457624,
      0.8997569661232513,
      0.8990425482714764,
      0.8997325702393341,
      0.9014195860793156,
      0.9053925309284309,
      0.8999973407330328,
      0.8979599953751879,
      0.9033919528269163,
      0.9046034223609665,
      0.903476008787143,
      0.9106969591860331,
      0.9008367441322696,
      0.9047153428141982
    ]
  ],