{
  "model_type": "naive",
  "dataset_type": "baseline",
  "seed": 42,
  "train_rows": 43494594,
  "val_rows": 2849311,
  "test_rows": 2849311,
  "n_random_runs": 100,
  "popularity_val": {
    "n_users_evaluated": 28211,
    "HitRate@10": 0.5774343341249867,
    "Recall@10": 0.5774343341249867,
    "NDCG@10": 0.32737206550506126,
    "HitRate@20": 0.8053950586650598,
    "Recall@20": 0.8053950586650598,
    "NDCG@20": 0.384904312190756,
    "MRR": 0.27367057975907905
  },
  "popularity_test": {
    "n_users_evaluated": 28211,
    "HitRate@10": 0.5878558009287157,
    "Recall@10": 0.5878558009287157,
    "NDCG@10": 0.3382964551955261,
    "HitRate@20": 0.8112083938889085,
    "Recall@20": 0.8112083938889085,
    "NDCG@20": 0.39471513390492685,
    "MRR": 0.28408198995817924
  },
  "random_val_avg": {
    "n_runs": 100,
    "HitRate@10": 0.09891496224876821,
    "Recall@10": 0.09891496224876821,
    "NDCG@10": 0.0449371882511079,
    "HitRate@20": 0.1980418985502109,
    "Recall@20": 0.1980418985502109,
    "NDCG@20": 0.06968648559736677,
    "MRR": 0.051431326712118385,
    "n_users_evaluated": 28211
  },
  "random_test_avg": {
    "n_runs": 100,
    "HitRate@10": 0.09891496224876821,
    "Recall@10": 0.09891496224876821,
    "NDCG@10": 0.0449371882511079,
    "HitRate@20": 0.1980418985502109,
    "Recall@20": 0.1980418985502109,
    "NDCG@20": 0.06968648559736677,
    "MRR": 0.051431326712118385,
    "n_users_evaluated": 28211
  }
}