{
  "model_type": "xgb",
  "dataset_type": "embeddings_only",
  "experiment_name": "embeddings_only",
  "dataset_dir": "/home/anci/new/correct_splits/with_genre_groups_network_fixed",
  "seeds": [
    42,
    0,
    1
  ],
  "train_rows": 43494594,
  "val_rows": 2849311,
  "test_rows": 2849311,
  "xgb_njobs": 8,
  "ohe_max_categories": 100,
  "ohe_min_frequency": 50,
  "learning_curve_max_rows": 1000000,
  "numeric_features": [
    "game_emb_0",
    "game_emb_1",
    "game_emb_2",
    "game_emb_3",
    "game_emb_4",
    "game_emb_5",
    "game_emb_6",
    "game_emb_7",
    "game_emb_8",
    "game_emb_9",
    "game_emb_10",
    "game_emb_11",
    "game_emb_12",
    "game_emb_13",
    "game_emb_14",
    "game_emb_15",
    "game_emb_16",
    "game_emb_17",
    "game_emb_18",
    "game_emb_19",
    "game_emb_20",
    "game_emb_21",
    "game_emb_22",
    "game_emb_23",
    "game_emb_24",
    "game_emb_25",
    "game_emb_26",
    "game_emb_27",
    "game_emb_28",
    "game_emb_29",
    "game_emb_30",
    "game_emb_31"
  ],
  "categorical_features": [],
  "best_params": {
    "n_estimators": 300,
    "max_depth": 6,
    "learning_rate": 0.05,
    "min_child_weight": 5,
    "subsample": 0.8,
    "colsample_bytree": 0.8,
    "reg_lambda": 1.0,
    "reg_alpha": 0.1
  },
  "val_metrics": {
    "val_roc_auc": {
      "mean": 0.8631397867411827,
      "std": 3.1737724036306324e-05
    },
    "HitRate@1": {
      "mean": 0.09992556095140193,
      "std": 2.894248984182354e-05
    },
    "Recall@1": {
      "mean": 0.09992556095140193,
      "std": 2.894248984182354e-05
    },
    "NDCG@1": {
      "mean": 0.09992556095140193,
      "std": 2.894248984182354e-05
    },
    "HitRate@5": {
      "mean": 0.32935143501943687,
      "std": 0.00022480944301208258
    },
    "Recall@5": {
      "mean": 0.32935143501943687,
      "std": 0.00022480944301208258
    },
    "NDCG@5": {
      "mean": 0.21600929233173793,
      "std": 8.474593984783925e-05
    },
    "HitRate@10": {
      "mean": 0.4995214632590124,
      "std": 0.00020051945161435105
    },
    "Recall@10": {
      "mean": 0.4995214632590124,
      "std": 0.00020051945161435105
    },
    "NDCG@10": {
      "mean": 0.27053885304785374,
      "std": 5.7862753382745474e-05
    },
    "HitRate@20": {
      "mean": 0.7416374227547173,
      "std": 0.0004296115927048852
    },
    "Recall@20": {
      "mean": 0.7416374227547173,
      "std": 0.0004296115927048852
    },
    "NDCG@20": {
      "mean": 0.33152837811123836,
      "std": 0.00012237949219391888
    },
    "MRR": {
      "mean": 0.2261498969486917,
      "std": 3.0634184413289705e-05
    },
    "n_users_evaluated": 28211
  },
  "test_metrics": {
    "test_roc_auc": {
      "mean": 0.8652607822742683,
      "std": 8.588832811663014e-06
    },
    "HitRate@1": {
      "mean": 0.10617607788923943,
      "std": 3.341990860238966e-05
    },
    "Recall@1": {
      "mean": 0.10617607788923943,
      "std": 3.341990860238966e-05
    },
    "NDCG@1": {
      "mean": 0.10617607788923943,
      "std": 3.341990860238966e-05
    },
    "HitRate@5": {
      "mean": 0.3432821712570746,
      "std": 0.00014852132253347447
    },
    "Recall@5": {
      "mean": 0.3432821712570746,
      "std": 0.00014852132253347447
    },
    "NDCG@5": {
      "mean": 0.22627850571518793,
      "std": 6.64145110199055e-05
    },
    "HitRate@10": {
      "mean": 0.5091867238547612,
      "std": 3.3419908602383124e-05
    },
    "Recall@10": {
      "mean": 0.5091867238547612,
      "std": 3.3419908602383124e-05
    },
    "NDCG@10": {
      "mean": 0.2795242477575588,
      "std": 2.232225732308984e-05
    },
    "HitRate@20": {
      "mean": 0.7476279938085616,
      "std": 0.00015940280461794527
    },
    "Recall@20": {
      "mean": 0.7476279938085616,
      "std": 0.00015940280461794527
    },
    "NDCG@20": {
      "mean": 0.3396199393774646,
      "std": 4.859241350263333e-05
    },
    "MRR": {
      "mean": 0.23426813110042777,
      "std": 1.6491673345504424e-05
    },
    "n_users_evaluated": 28211
  },
  "per_seed_val": [
    {
      "seed": 42,
      "fit_seconds": 602.5474302768707,
      "val_roc_auc": 0.8630958344018675,
      "n_users_evaluated": 28211,
      "HitRate@1": 0.09992556095140194,
      "Recall@1": 0.09992556095140194,
      "NDCG@1": 0.09992556095140194,
      "HitRate@5": 0.3291269363014427,
      "Recall@5": 0.3291269363014427,
      "NDCG@5": 0.21591226045731915,
      "HitRate@10": 0.49966325192300876,
      "Recall@10": 0.49966325192300876,
      "NDCG@10": 0.2705501124021008,
      "HitRate@20": 0.7410584523767325,
      "Recall@20": 0.7410584523767325,
      "NDCG@20": 0.33136151329783203,
      "MRR": 0.22610833895676646
    },
    {
      "seed": 0,
      "fit_seconds": 583.2051286697388,
      "val_roc_auc": 0.8631696412731095,
      "n_users_evaluated": 28211,
      "HitRate@1": 0.09996100811740101,
      "Recall@1": 0.09996100811740101,
      "NDCG@1": 0.09996100811740101,
      "HitRate@5": 0.329268724965439,
      "Recall@5": 0.329268724965439,
      "NDCG@5": 0.21599688681959556,
      "HitRate@10": 0.49966325192300876,
      "Recall@10": 0.49966325192300876,
      "NDCG@10": 0.27060341644410646,
      "HitRate@20": 0.7420864201907057,
      "Recall@20": 0.7420864201907057,
      "NDCG@20": 0.33165158753014223,
      "MRR": 0.2261812768815166
    },
    {
      "seed": 1,
      "fit_seconds": 584.6237890720367,
      "val_roc_auc": 0.8631538845485716,
      "n_users_evaluated": 28211,
      "HitRate@1": 0.09989011378540286,
      "Recall@1": 0.09989011378540286,
      "NDCG@1": 0.09989011378540286,
      "HitRate@5": 0.3296586437914289,
      "Recall@5": 0.3296586437914289,
      "NDCG@5": 0.21611872971829912,
      "HitRate@10": 0.4992378859310198,
      "Recall@10": 0.4992378859310198,
      "NDCG@10": 0.27046303029735397,
      "HitRate@20": 0.741767395696714,
      "Recall@20": 0.741767395696714,
      "NDCG@20": 0.3315720335057408,
      "MRR": 0.226160075007792
    }
  ],
  "per_seed_test": [
    {
      "seed": 42,
      "test_roc_auc": 0.8652521319247597,
      "n_users_evaluated": 28211,
      "HitRate@1": 0.10612881500124065,
      "Recall@1": 0.10612881500124065,
      "NDCG@1": 0.10612881500124065,
      "HitRate@5": 0.3431285668710787,
      "Recall@5": 0.3431285668710787,
      "NDCG@5": 0.22622908929954413,
      "HitRate@10": 0.5091630924107617,
      "Recall@10": 0.5091630924107617,
      "NDCG@10": 0.27951479942938,
      "HitRate@20": 0.7474389422565666,
      "Recall@20": 0.7474389422565666,
      "NDCG@20": 0.3395649118854531,
      "MRR": 0.23425836968159186
    },
    {
      "seed": 0,
      "test_roc_auc": 0.865272491937064,
      "n_users_evaluated": 28211,
      "HitRate@1": 0.1061997093332388,
      "Recall@1": 0.1061997093332388,
      "NDCG@1": 0.1061997093332388,
      "HitRate@5": 0.34348303853106943,
      "Recall@5": 0.34348303853106943,
      "NDCG@5": 0.22637238649206512,
      "HitRate@10": 0.5092339867427599,
      "Recall@10": 0.5092339867427599,
      "NDCG@10": 0.2795550577718158,
      "HitRate@20": 0.7478288610825564,
      "Recall@20": 0.7478288610825564,
      "NDCG@20": 0.33968310162017373,
      "MRR": 0.2342913557178627
    },
    {
      "seed": 1,
      "test_roc_auc": 0.865257722960981,
      "n_users_evaluated": 28211,
      "HitRate@1": 0.1061997093332388,
      "Recall@1": 0.1061997093332388,
      "NDCG@1": 0.1061997093332388,
      "HitRate@5": 0.3432349083690759,
      "Recall@5": 0.3432349083690759,
      "NDCG@5": 0.22623404135395453,
      "HitRate@10": 0.5091630924107617,
      "Recall@10": 0.5091630924107617,
      "NDCG@10": 0.27950288607148055,
      "HitRate@20": 0.747616178086562,
      "Recall@20": 0.747616178086562,
      "NDCG@20": 0.339611804626767,
      "MRR": 0.23425466790182878
    }
  ]
}