{
  "model_type": "xgb",
  "dataset_type": "embeddings_and_basic_info",
  "experiment_name": "embeddings_and_basic_info",
  "dataset_dir": "/home/anci/new/correct_splits/with_genre_groups_network_fixed",
  "seeds": [
    42,
    0,
    1
  ],
  "train_rows": 43494594,
  "val_rows": 2849311,
  "test_rows": 2849311,
  "xgb_njobs": 8,
  "ohe_max_categories": 100,
  "ohe_min_frequency": 50,
  "learning_curve_max_rows": 1000000,
  "numeric_features": [
    "unique_genres_played",
    "total_playtime_minutes",
    "game_emb_0",
    "game_emb_1",
    "game_emb_2",
    "game_emb_3",
    "game_emb_4",
    "game_emb_5",
    "game_emb_6",
    "game_emb_7",
    "game_emb_8",
    "game_emb_9",
    "game_emb_10",
    "game_emb_11",
    "game_emb_12",
    "game_emb_13",
    "game_emb_14",
    "game_emb_15",
    "game_emb_16",
    "game_emb_17",
    "game_emb_18",
    "game_emb_19",
    "game_emb_20",
    "game_emb_21",
    "game_emb_22",
    "game_emb_23",
    "game_emb_24",
    "game_emb_25",
    "game_emb_26",
    "game_emb_27",
    "game_emb_28",
    "game_emb_29",
    "game_emb_30",
    "game_emb_31"
  ],
  "categorical_features": [],
  "best_params": {
    "n_estimators": 300,
    "max_depth": 6,
    "learning_rate": 0.1,
    "min_child_weight": 5,
    "subsample": 0.8,
    "colsample_bytree": 0.8,
    "reg_lambda": 2.0,
    "reg_alpha": 0.1
  },
  "val_metrics": {
    "val_roc_auc": {
      "mean": 0.8957775645924603,
      "std": 4.704579061741657e-05
    },
    "HitRate@1": {
      "mean": 0.14662129429418785,
      "std": 0.00025940824973828467
    },
    "Recall@1": {
      "mean": 0.14662129429418785,
      "std": 0.00025940824973828467
    },
    "NDCG@1": {
      "mean": 0.14662129429418785,
      "std": 0.00025940824973828467
    },
    "HitRate@5": {
      "mean": 0.4078314605413964,
      "std": 0.000562209882829171
    },
    "Recall@5": {
      "mean": 0.4078314605413964,
      "std": 0.000562209882829171
    },
    "NDCG@5": {
      "mean": 0.2778288008222338,
      "std": 0.0001881051721430012
    },
    "HitRate@10": {
      "mean": 0.6005458863563858,
      "std": 0.0008165681255856013
    },
    "Recall@10": {
      "mean": 0.6005458863563858,
      "std": 0.0008165681255856013
    },
    "NDCG@10": {
      "mean": 0.33983579593804186,
      "std": 0.0001911535730941705
    },
    "HitRate@20": {
      "mean": 0.8245483440265619,
      "std": 0.00043349370405974943
    },
    "Recall@20": {
      "mean": 0.8245483440265619,
      "std": 0.00043349370405974943
    },
    "NDCG@20": {
      "mean": 0.39647810116891136,
      "std": 0.0001512787775520624
    },
    "MRR": {
      "mean": 0.28216958883302595,
      "std": 0.00016508514977326222
    },
    "n_users_evaluated": 28211
  },
  "test_metrics": {
    "test_roc_auc": {
      "mean": 0.8984482149856508,
      "std": 2.9090552609753504e-05
    },
    "HitRate@1": {
      "mean": 0.15823614901988584,
      "std": 0.00036951297416166015
    },
    "Recall@1": {
      "mean": 0.15823614901988584,
      "std": 0.00036951297416166015
    },
    "NDCG@1": {
      "mean": 0.15823614901988584,
      "std": 0.00036951297416166015
    },
    "HitRate@5": {
      "mean": 0.41980078692708517,
      "std": 0.0007771476210180762
    },
    "Recall@5": {
      "mean": 0.41980078692708517,
      "std": 0.0007771476210180762
    },
    "NDCG@5": {
      "mean": 0.2906467400293919,
      "std": 0.0004236704269833907
    },
    "HitRate@10": {
      "mean": 0.6113927191521037,
      "std": 0.00023153991873463365
    },
    "Recall@10": {
      "mean": 0.6113927191521037,
      "std": 0.00023153991873463365
    },
    "NDCG@10": {
      "mean": 0.35247918941049566,
      "std": 0.0002503405450397811
    },
    "HitRate@20": {
      "mean": 0.8301489962544162,
      "std": 0.0001744570446543732
    },
    "Recall@20": {
      "mean": 0.8301489962544162,
      "std": 0.0001744570446543732
    },
    "NDCG@20": {
      "mean": 0.4078282757091262,
      "std": 0.00015541345844879596
    },
    "MRR": {
      "mean": 0.2946499872278743,
      "std": 0.00024714081042783484
    },
    "n_users_evaluated": 28211
  },
  "per_seed_val": [
    {
      "seed": 42,
      "fit_seconds": 555.3098125457764,
      "val_roc_auc": 0.8957247911157538,
      "n_users_evaluated": 28211,
      "HitRate@1": 0.14625500691219737,
      "Recall@1": 0.14625500691219737,
      "NDCG@1": 0.14625500691219737,
      "HitRate@5": 0.40842224664138105,
      "Recall@5": 0.40842224664138105,
      "NDCG@5": 0.27786623299263863,
      "HitRate@10": 0.6006876750203821,
      "Recall@10": 0.6006876750203821,
      "NDCG@10": 0.33969732696575794,
      "HitRate@20": 0.8243947396405658,
      "Recall@20": 0.8243947396405658,
      "NDCG@20": 0.39628205075546175,
      "MRR": 0.2819447630134074
    },
    {
      "seed": 0,
      "fit_seconds": 553.6517293453217,
      "val_roc_auc": 0.8957688631598802,
      "n_users_evaluated": 28211,
      "HitRate@1": 0.14682216156818262,
      "Recall@1": 0.14682216156818262,
      "NDCG@1": 0.14682216156818262,
      "HitRate@5": 0.4079968806493921,
      "Recall@5": 0.4079968806493921,
      "NDCG@5": 0.2780381734437762,
      "HitRate@10": 0.5994824713764134,
      "Recall@10": 0.5994824713764134,
      "NDCG@10": 0.3397039600620068,
      "HitRate@20": 0.8241111623125731,
      "Recall@20": 0.8241111623125731,
      "NDCG@20": 0.3965019571141721,
      "MRR": 0.2823364964502674
    },
    {
      "seed": 1,
      "fit_seconds": 564.509503364563,
      "val_roc_auc": 0.895839039501747,
      "n_users_evaluated": 28211,
      "HitRate@1": 0.14678671440218355,
      "Recall@1": 0.14678671440218355,
      "NDCG@1": 0.14678671440218355,
      "HitRate@5": 0.40707525433341607,
      "Recall@5": 0.40707525433341607,
      "NDCG@5": 0.2775819960302866,
      "HitRate@10": 0.6014675126723619,
      "Recall@10": 0.6014675126723619,
      "NDCG@10": 0.3401061007863608,
      "HitRate@20": 0.8251391301265464,
      "Recall@20": 0.8251391301265464,
      "NDCG@20": 0.39665029563710036,
      "MRR": 0.282227507035403
    }
  ],
  "per_seed_test": [
    {
      "seed": 42,
      "test_roc_auc": 0.8984196370886451,
      "n_users_evaluated": 28211,
      "HitRate@1": 0.15873240934387295,
      "Recall@1": 0.15873240934387295,
      "NDCG@1": 0.15873240934387295,
      "HitRate@5": 0.42036794158307045,
      "Recall@5": 0.42036794158307045,
      "NDCG@5": 0.2911270281102486,
      "HitRate@10": 0.6116762964800965,
      "Recall@10": 0.6116762964800965,
      "NDCG@10": 0.3528269063107399,
      "HitRate@20": 0.829924497536422,
      "Recall@20": 0.829924497536422,
      "NDCG@20": 0.4080475869535707,
      "MRR": 0.2949994593681889
    },
    {
      "seed": 0,
      "test_roc_auc": 0.8984368744934892,
      "n_users_evaluated": 28211,
      "HitRate@1": 0.157846230193896,
      "Recall@1": 0.157846230193896,
      "NDCG@1": 0.157846230193896,
      "HitRate@5": 0.4203324944170714,
      "Recall@5": 0.4203324944170714,
      "NDCG@5": 0.2907168176284258,
      "HitRate@10": 0.6113927191521038,
      "Recall@10": 0.6113927191521038,
      "NDCG@10": 0.3523629963806842,
      "HitRate@20": 0.8301726276984155,
      "Recall@20": 0.8301726276984155,
      "NDCG@20": 0.40770609219220166,
      "MRR": 0.2944796994862069
    },
    {
      "seed": 1,
      "test_roc_auc": 0.8984881333748178,
      "n_users_evaluated": 28211,
      "HitRate@1": 0.15812980752188863,
      "Recall@1": 0.15812980752188863,
      "NDCG@1": 0.15812980752188863,
      "HitRate@5": 0.41870192478111373,
      "Recall@5": 0.41870192478111373,
      "NDCG@5": 0.29009637434950125,
      "HitRate@10": 0.6111091418241111,
      "Recall@10": 0.6111091418241111,
      "NDCG@10": 0.35224766554006276,
      "HitRate@20": 0.8303498635284109,
      "Recall@20": 0.8303498635284109,
      "NDCG@20": 0.40773114798160615,
      "MRR": 0.29447080282922716
    }
  ]
}