{
  "model_type": "xgb",
  "dataset_type": "user_count",
  "experiment_name": "user_count",
  "dataset_dir": "/home/anci/new/correct_splits/with_genre_groups_network_fixed",
  "seeds": [
    42,
    0,
    1
  ],
  "train_rows": 43494594,
  "val_rows": 2849311,
  "test_rows": 2849311,
  "xgb_njobs": 8,
  "learning_curve_max_rows": 1000000,
  "numeric_features": [
    "user_count"
  ],
  "categorical_features": [],
  "best_params": {
    "n_estimators": 500,
    "max_depth": 5,
    "learning_rate": 0.03,
    "min_child_weight": 5,
    "subsample": 1.0,
    "colsample_bytree": 1.0,
    "reg_lambda": 2.0,
    "reg_alpha": 0.1
  },
  "val_metrics": {
    "val_roc_auc": {
      "mean": 0.8658910848399778,
      "std": 0.0
    },
    "HitRate@1": {
      "mean": 0.14770834071815958,
      "std": 0.0
    },
    "Recall@1": {
      "mean": 0.14770834071815958,
      "std": 0.0
    },
    "NDCG@1": {
      "mean": 0.14770834071815958,
      "std": 0.0
    },
    "HitRate@5": {
      "mean": 0.33529474318528235,
      "std": 0.0
    },
    "Recall@5": {
      "mean": 0.33529474318528235,
      "std": 0.0
    },
    "NDCG@5": {
      "mean": 0.24109458494454797,
      "std": 0.0
    },
    "HitRate@10": {
      "mean": 0.5085604905887774,
      "std": 0.0
    },
    "Recall@10": {
      "mean": 0.5085604905887774,
      "std": 0.0
    },
    "NDCG@10": {
      "mean": 0.29636807442073626,
      "std": 0.0
    },
    "HitRate@20": {
      "mean": 0.7434688596646698,
      "std": 0.0
    },
    "Recall@20": {
      "mean": 0.7434688596646698,
      "std": 0.0
    },
    "NDCG@20": {
      "mean": 0.3557487897115992,
      "std": 0.0
    },
    "MRR": {
      "mean": 0.25747100477354007,
      "std": 0.0
    },
    "n_users_evaluated": 28211
  },
  "test_metrics": {
    "test_roc_auc": {
      "mean": 0.8665124877013467,
      "std": 1.1102230246251565e-16
    },
    "HitRate@1": {
      "mean": 0.1471766332281734,
      "std": 0.0
    },
    "Recall@1": {
      "mean": 0.1471766332281734,
      "std": 0.0
    },
    "NDCG@1": {
      "mean": 0.1471766332281734,
      "std": 0.0
    },
    "HitRate@5": {
      "mean": 0.3338414093793201,
      "std": 0.0
    },
    "Recall@5": {
      "mean": 0.3338414093793201,
      "std": 0.0
    },
    "NDCG@5": {
      "mean": 0.24056300141554232,
      "std": 0.0
    },
    "HitRate@10": {
      "mean": 0.509730247066747,
      "std": 0.0
    },
    "Recall@10": {
      "mean": 0.509730247066747,
      "std": 0.0
    },
    "NDCG@10": {
      "mean": 0.2967055170409633,
      "std": 0.0
    },
    "HitRate@20": {
      "mean": 0.7464464216085925,
      "std": 1.1102230246251565e-16
    },
    "Recall@20": {
      "mean": 0.7464464216085925,
      "std": 1.1102230246251565e-16
    },
    "NDCG@20": {
      "mean": 0.3565227194114937,
      "std": 0.0
    },
    "MRR": {
      "mean": 0.25757053893422266,
      "std": 0.0
    },
    "n_users_evaluated": 28211
  },
  "per_seed_val": [
    {
      "seed": 42,
      "fit_seconds": 842.6558182239532,
      "val_roc_auc": 0.8658910848399778,
      "n_users_evaluated": 28211,
      "HitRate@1": 0.14770834071815958,
      "Recall@1": 0.14770834071815958,
      "NDCG@1": 0.14770834071815958,
      "HitRate@5": 0.33529474318528235,
      "Recall@5": 0.33529474318528235,
      "NDCG@5": 0.24109458494454797,
      "HitRate@10": 0.5085604905887774,
      "Recall@10": 0.5085604905887774,
      "NDCG@10": 0.29636807442073626,
      "HitRate@20": 0.7434688596646698,
      "Recall@20": 0.7434688596646698,
      "NDCG@20": 0.3557487897115992,
      "MRR": 0.25747100477354007
    },
    {
      "seed": 0,
      "fit_seconds": 844.7478761672974,
      "val_roc_auc": 0.8658910848399778,
      "n_users_evaluated": 28211,
      "HitRate@1": 0.14770834071815958,
      "Recall@1": 0.14770834071815958,
      "NDCG@1": 0.14770834071815958,
      "HitRate@5": 0.33529474318528235,
      "Recall@5": 0.33529474318528235,
      "NDCG@5": 0.24109458494454797,
      "HitRate@10": 0.5085604905887774,
      "Recall@10": 0.5085604905887774,
      "NDCG@10": 0.29636807442073626,
      "HitRate@20": 0.7434688596646698,
      "Recall@20": 0.7434688596646698,
      "NDCG@20": 0.3557487897115992,
      "MRR": 0.25747100477354007
    },
    {
      "seed": 1,
      "fit_seconds": 771.9472634792328,
      "val_roc_auc": 0.8658910848399778,
      "n_users_evaluated": 28211,
      "HitRate@1": 0.14770834071815958,
      "Recall@1": 0.14770834071815958,
      "NDCG@1": 0.14770834071815958,
      "HitRate@5": 0.33529474318528235,
      "Recall@5": 0.33529474318528235,
      "NDCG@5": 0.24109458494454797,
      "HitRate@10": 0.5085604905887774,
      "Recall@10": 0.5085604905887774,
      "NDCG@10": 0.29636807442073626,
      "HitRate@20": 0.7434688596646698,
      "Recall@20": 0.7434688596646698,
      "NDCG@20": 0.3557487897115992,
      "MRR": 0.25747100477354007
    }
  ],
  "per_seed_test": [
    {
      "seed": 42,
      "test_roc_auc": 0.8665124877013468,
      "n_users_evaluated": 28211,
      "HitRate@1": 0.1471766332281734,
      "Recall@1": 0.1471766332281734,
      "NDCG@1": 0.1471766332281734,
      "HitRate@5": 0.3338414093793201,
      "Recall@5": 0.3338414093793201,
      "NDCG@5": 0.24056300141554232,
      "HitRate@10": 0.509730247066747,
      "Recall@10": 0.509730247066747,
      "NDCG@10": 0.2967055170409633,
      "HitRate@20": 0.7464464216085924,
      "Recall@20": 0.7464464216085924,
      "NDCG@20": 0.3565227194114937,
      "MRR": 0.25757053893422266
    },
    {
      "seed": 0,
      "test_roc_auc": 0.8665124877013468,
      "n_users_evaluated": 28211,
      "HitRate@1": 0.1471766332281734,
      "Recall@1": 0.1471766332281734,
      "NDCG@1": 0.1471766332281734,
      "HitRate@5": 0.3338414093793201,
      "Recall@5": 0.3338414093793201,
      "NDCG@5": 0.24056300141554232,
      "HitRate@10": 0.509730247066747,
      "Recall@10": 0.509730247066747,
      "NDCG@10": 0.2967055170409633,
      "HitRate@20": 0.7464464216085924,
      "Recall@20": 0.7464464216085924,
      "NDCG@20": 0.3565227194114937,
      "MRR": 0.25757053893422266
    },
    {
      "seed": 1,
      "test_roc_auc": 0.8665124877013468,
      "n_users_evaluated": 28211,
      "HitRate@1": 0.1471766332281734,
      "Recall@1": 0.1471766332281734,
      "NDCG@1": 0.1471766332281734,
      "HitRate@5": 0.3338414093793201,
      "Recall@5": 0.3338414093793201,
      "NDCG@5": 0.24056300141554232,
      "HitRate@10": 0.509730247066747,
      "Recall@10": 0.509730247066747,
      "NDCG@10": 0.2967055170409633,
      "HitRate@20": 0.7464464216085924,
      "Recall@20": 0.7464464216085924,
      "NDCG@20": 0.3565227194114937,
      "MRR": 0.25757053893422266
    }
  ]
}