{
  "model_type": "xgb",
  "dataset_type": "baseline_without_user_count",
  "experiment_name": "baseline_without_user_count",
  "dataset_dir": "/home/anci/new/correct_splits/with_genre_groups",
  "seeds": [
    42,
    0,
    1
  ],
  "train_rows": 43494594,
  "val_rows": 2849311,
  "test_rows": 2849311,
  "xgb_njobs": 8,
  "ohe_max_categories": 100,
  "ohe_min_frequency": 50,
  "learning_curve_max_rows": 1000000,
  "numeric_features": [
    "total_games_owned",
    "total_playtime_minutes",
    "median_playtime_minutes",
    "unique_genres_played",
    "game_total_playtime_minutes",
    "release_date",
    "user_playtime_group_Action",
    "user_playtime_group_Adventure",
    "user_playtime_group_RPG",
    "user_playtime_group_Casual",
    "user_playtime_group_Indie",
    "user_playtime_group_Racing",
    "user_playtime_group_Simulation",
    "user_playtime_group_Strategy",
    "user_playtime_group_Sports",
    "user_playtime_group_Violent",
    "user_playtime_group_Adult",
    "user_playtime_group_Non-gameplay_Tools",
    "user_playtime_group_Other"
  ],
  "categorical_features": [
    "country",
    "genres",
    "developer",
    "publisher",
    "platforms"
  ],
  "best_params": {
    "n_estimators": 300,
    "max_depth": 6,
    "learning_rate": 0.1,
    "min_child_weight": 5,
    "subsample": 0.8,
    "colsample_bytree": 0.8,
    "reg_lambda": 2.0,
    "reg_alpha": 0.1
  },
  "val_metrics": {
    "val_roc_auc": {
      "mean": 0.8975752527035241,
      "std": 0.00018751492664115935
    },
    "HitRate@1": {
      "mean": 0.1714343104935427,
      "std": 0.000865536921617455
    },
    "Recall@1": {
      "mean": 0.1714343104935427,
      "std": 0.000865536921617455
    },
    "NDCG@1": {
      "mean": 0.1714343104935427,
      "std": 0.000865536921617455
    },
    "HitRate@5": {
      "mean": 0.4333770515047322,
      "std": 0.001232352049203728
    },
    "Recall@5": {
      "mean": 0.4333770515047322,
      "std": 0.001232352049203728
    },
    "NDCG@5": {
      "mean": 0.3037154279016489,
      "std": 0.0011284960964576124
    },
    "HitRate@10": {
      "mean": 0.6187066510699136,
      "std": 0.0007985889782338321
    },
    "Recall@10": {
      "mean": 0.6187066510699136,
      "std": 0.0007985889782338321
    },
    "NDCG@10": {
      "mean": 0.3633667802056924,
      "std": 0.0010319986847470897
    },
    "HitRate@20": {
      "mean": 0.8211099689246512,
      "std": 0.0007938547390375477
    },
    "Recall@20": {
      "mean": 0.8211099689246512,
      "std": 0.0007938547390375477
    },
    "NDCG@20": {
      "mean": 0.41459070764516587,
      "std": 0.0010103610104897087
    },
    "MRR": {
      "mean": 0.3057129936458067,
      "std": 0.0010358269319875005
    },
    "n_users_evaluated": 28211
  },
  "test_metrics": {
    "test_roc_auc": {
      "mean": 0.8990326145875839,
      "std": 0.000159057684474088
    },
    "HitRate@1": {
      "mean": 0.18028428627131263,
      "std": 0.0010894838946730442
    },
    "Recall@1": {
      "mean": 0.18028428627131263,
      "std": 0.0010894838946730442
    },
    "NDCG@1": {
      "mean": 0.18028428627131263,
      "std": 0.0010894838946730442
    },
    "HitRate@5": {
      "mean": 0.4444483830184443,
      "std": 0.001262348296894766
    },
    "Recall@5": {
      "mean": 0.4444483830184443,
      "std": 0.001262348296894766
    },
    "NDCG@5": {
      "mean": 0.31394507040050035,
      "std": 0.001132766062345289
    },
    "HitRate@10": {
      "mean": 0.6268831306937009,
      "std": 0.0010236807683665034
    },
    "Recall@10": {
      "mean": 0.6268831306937009,
      "std": 0.0010236807683665034
    },
    "NDCG@10": {
      "mean": 0.3727128376514581,
      "std": 0.0010340891135054452
    },
    "HitRate@20": {
      "mean": 0.8232486146065955,
      "std": 0.0005819767871173197
    },
    "Recall@20": {
      "mean": 0.8232486146065955,
      "std": 0.0005819767871173197
    },
    "NDCG@20": {
      "mean": 0.4224928133249756,
      "std": 0.0008791584851636354
    },
    "MRR": {
      "mean": 0.3148215738963296,
      "std": 0.0009841884932760188
    },
    "n_users_evaluated": 28211
  },
  "per_seed_val": [
    {
      "seed": 42,
      "fit_seconds": 525.8403022289276,
      "val_roc_auc": 0.897312017158092,
      "n_users_evaluated": 28211,
      "HitRate@1": 0.1702881854595725,
      "Recall@1": 0.1702881854595725,
      "NDCG@1": 0.1702881854595725,
      "HitRate@5": 0.43164014037077736,
      "Recall@5": 0.43164014037077736,
      "NDCG@5": 0.3021694775737986,
      "HitRate@10": 0.6175959732019425,
      "Recall@10": 0.6175959732019425,
      "NDCG@10": 0.3620214420868296,
      "HitRate@20": 0.81999929105668,
      "Recall@20": 0.81999929105668,
      "NDCG@20": 0.4132721962143769,
      "MRR": 0.30439227248765816
    },
    {
      "seed": 0,
      "fit_seconds": 523.1671149730682,
      "val_roc_auc": 0.8976790665684999,
      "n_users_evaluated": 28211,
      "HitRate@1": 0.17163517776753748,
      "Recall@1": 0.17163517776753748,
      "NDCG@1": 0.17163517776753748,
      "HitRate@5": 0.4343695721527064,
      "Recall@5": 0.4343695721527064,
      "NDCG@5": 0.30414520727969563,
      "HitRate@10": 0.6190847541739039,
      "Recall@10": 0.6190847541739039,
      "NDCG@10": 0.3635494687171114,
      "HitRate@20": 0.8215235191946404,
      "Recall@20": 0.8215235191946404,
      "NDCG@20": 0.41477310933422123,
      "MRR": 0.305824557480758
    },
    {
      "seed": 1,
      "fit_seconds": 524.8628787994385,
      "val_roc_auc": 0.8977346743839805,
      "n_users_evaluated": 28211,
      "HitRate@1": 0.17237956825351813,
      "Recall@1": 0.17237956825351813,
      "NDCG@1": 0.17237956825351813,
      "HitRate@5": 0.43412144199071284,
      "Recall@5": 0.43412144199071284,
      "NDCG@5": 0.3048315988514525,
      "HitRate@10": 0.6194392258338945,
      "Recall@10": 0.6194392258338945,
      "NDCG@10": 0.3645294298131363,
      "HitRate@20": 0.8218070965226331,
      "Recall@20": 0.8218070965226331,
      "NDCG@20": 0.4157268173868994,
      "MRR": 0.306922150969004
    }
  ],
  "per_seed_test": [
    {
      "seed": 42,
      "test_roc_auc": 0.898825278116792,
      "n_users_evaluated": 28211,
      "HitRate@1": 0.17876005813335225,
      "Recall@1": 0.17876005813335225,
      "NDCG@1": 0.17876005813335225,
      "HitRate@5": 0.4426642089964907,
      "Recall@5": 0.4426642089964907,
      "NDCG@5": 0.3123512229518346,
      "HitRate@10": 0.625500691219737,
      "Recall@10": 0.625500691219737,
      "NDCG@10": 0.37125162655488037,
      "HitRate@20": 0.8226578285066108,
      "Recall@20": 0.8226578285066108,
      "NDCG@20": 0.42125113163138717,
      "MRR": 0.31345076987935355
    },
    {
      "seed": 0,
      "test_roc_auc": 0.8990607334259264,
      "n_users_evaluated": 28211,
      "HitRate@1": 0.18085144092729785,
      "Recall@1": 0.18085144092729785,
      "NDCG@1": 0.18085144092729785,
      "HitRate@5": 0.44528729928042254,
      "Recall@5": 0.44528729928042254,
      "NDCG@5": 0.3146024371085708,
      "HitRate@10": 0.6279465456736734,
      "Recall@10": 0.6279465456736734,
      "NDCG@10": 0.37339189671165673,
      "HitRate@20": 0.824040267980575,
      "Recall@20": 0.824040267980575,
      "NDCG@20": 0.4230584328723626,
      "MRR": 0.3152981392563886
    },
    {
      "seed": 1,
      "test_roc_auc": 0.8992118322200329,
      "n_users_evaluated": 28211,
      "HitRate@1": 0.18124135975328773,
      "Recall@1": 0.18124135975328773,
      "NDCG@1": 0.18124135975328773,
      "HitRate@5": 0.44539364077841975,
      "Recall@5": 0.44539364077841975,
      "NDCG@5": 0.31488155114109573,
      "HitRate@10": 0.6272021551876927,
      "Recall@10": 0.6272021551876927,
      "NDCG@10": 0.373494989687837,
      "HitRate@20": 0.8230477473326008,
      "Recall@20": 0.8230477473326008,
      "NDCG@20": 0.4231688754711772,
      "MRR": 0.3157158125532467
    }
  ]
}