{
  "model_type": "xgb",
  "dataset_type": "baseline_fake_emb_corr97_spearman_multiseed",
  "seeds": [
    42,
    0,
    1
  ],
  "fake_embedding_source_col": "user_count",
  "fake_embedding_col": "fake_emb_0_from_user_count",
  "fake_embedding_target_corr": 0.97,
  "fake_embedding_corr_method": "spearman",
  "train_rows": 43494594,
  "val_rows": 2849311,
  "test_rows": 2849311,
  "xgb_njobs": 8,
  "ohe_max_categories": 100,
  "ohe_min_frequency": 50,
  "learning_curve_max_rows": 1000000,
  "best_params": {
    "n_estimators": 300,
    "max_depth": 6,
    "learning_rate": 0.1,
    "min_child_weight": 5,
    "subsample": 0.8,
    "colsample_bytree": 0.8,
    "reg_lambda": 2.0,
    "reg_alpha": 0.1
  },
  "val_metrics": {
    "val_roc_auc": {
      "mean": 0.9684478775835647,
      "std": 0.0005329604412886858,
      "formatted": "0.9684 \u00b1 0.0005"
    },
    "HitRate@1": {
      "mean": 0.7736934765398841,
      "std": 0.001428872090823305,
      "formatted": "0.7737 \u00b1 0.0014"
    },
    "Recall@1": {
      "mean": 0.7736934765398841,
      "std": 0.001428872090823305,
      "formatted": "0.7737 \u00b1 0.0014"
    },
    "NDCG@1": {
      "mean": 0.7736934765398841,
      "std": 0.001428872090823305,
      "formatted": "0.7737 \u00b1 0.0014"
    },
    "HitRate@5": {
      "mean": 0.8605390332376258,
      "std": 0.0009010989077517153,
      "formatted": "0.8605 \u00b1 0.0009"
    },
    "Recall@5": {
      "mean": 0.8605390332376258,
      "std": 0.0009010989077517153,
      "formatted": "0.8605 \u00b1 0.0009"
    },
    "NDCG@5": {
      "mean": 0.8198028700504926,
      "std": 0.0011311975511627962,
      "formatted": "0.8198 \u00b1 0.0011"
    },
    "HitRate@10": {
      "mean": 0.8986565524086348,
      "std": 0.001230311166683919,
      "formatted": "0.8987 \u00b1 0.0012"
    },
    "Recall@10": {
      "mean": 0.8986565524086348,
      "std": 0.001230311166683919,
      "formatted": "0.8987 \u00b1 0.0012"
    },
    "NDCG@10": {
      "mean": 0.8321168846045072,
      "std": 0.0012284791439899755,
      "formatted": "0.8321 \u00b1 0.0012"
    },
    "HitRate@20": {
      "mean": 0.9397516335235664,
      "std": 0.0012007936399194374,
      "formatted": "0.9398 \u00b1 0.0012"
    },
    "Recall@20": {
      "mean": 0.9397516335235664,
      "std": 0.0012007936399194374,
      "formatted": "0.9398 \u00b1 0.0012"
    },
    "NDCG@20": {
      "mean": 0.8425554704528458,
      "std": 0.0011946936218483483,
      "formatted": "0.8426 \u00b1 0.0012"
    },
    "MRR": {
      "mean": 0.81594049506778,
      "std": 0.001270873511251158,
      "formatted": "0.8159 \u00b1 0.0013"
    },
    "n_users_evaluated": 28211
  },
  "test_metrics": {
    "test_roc_auc": {
      "mean": 0.9678653601351336,
      "std": 0.0005286634586798031,
      "formatted": "0.9679 \u00b1 0.0005"
    },
    "HitRate@1": {
      "mean": 0.7749459430718514,
      "std": 0.0018819296248096524,
      "formatted": "0.7749 \u00b1 0.0019"
    },
    "Recall@1": {
      "mean": 0.7749459430718514,
      "std": 0.0018819296248096524,
      "formatted": "0.7749 \u00b1 0.0019"
    },
    "NDCG@1": {
      "mean": 0.7749459430718514,
      "std": 0.0018819296248096524,
      "formatted": "0.7749 \u00b1 0.0019"
    },
    "HitRate@5": {
      "mean": 0.8614606595536021,
      "std": 0.0016429377988090106,
      "formatted": "0.8615 \u00b1 0.0016"
    },
    "Recall@5": {
      "mean": 0.8614606595536021,
      "std": 0.0016429377988090106,
      "formatted": "0.8615 \u00b1 0.0016"
    },
    "NDCG@5": {
      "mean": 0.8211530434899785,
      "std": 0.0014976830802238853,
      "formatted": "0.8212 \u00b1 0.0015"
    },
    "HitRate@10": {
      "mean": 0.8986565524086348,
      "std": 0.0017554997964739835,
      "formatted": "0.8987 \u00b1 0.0018"
    },
    "Recall@10": {
      "mean": 0.8986565524086348,
      "std": 0.0017554997964739835,
      "formatted": "0.8987 \u00b1 0.0018"
    },
    "NDCG@10": {
      "mean": 0.8331731071852441,
      "std": 0.0013974553455143356,
      "formatted": "0.8332 \u00b1 0.0014"
    },
    "HitRate@20": {
      "mean": 0.9382746682736048,
      "std": 0.0016941454557614672,
      "formatted": "0.9383 \u00b1 0.0017"
    },
    "Recall@20": {
      "mean": 0.9382746682736048,
      "std": 0.0016941454557614672,
      "formatted": "0.9383 \u00b1 0.0017"
    },
    "NDCG@20": {
      "mean": 0.8432263730476307,
      "std": 0.0013873998585569132,
      "formatted": "0.8432 \u00b1 0.0014"
    },
    "MRR": {
      "mean": 0.8171902002060524,
      "std": 0.0014531609539765852,
      "formatted": "0.8172 \u00b1 0.0015"
    },
    "n_users_evaluated": 28211
  },
  "per_seed_val": [
    {
      "seed": 42,
      "fit_seconds": 769.6729278564453,
      "val_roc_auc": 0.968617433487444,
      "n_users_evaluated": 28211,
      "HitRate@1": 0.7751586260678459,
      "Recall@1": 0.7751586260678459,
      "NDCG@1": 0.7751586260678459,
      "HitRate@5": 0.8606571904576229,
      "Recall@5": 0.8606571904576229,
      "NDCG@5": 0.8206755582148089,
      "HitRate@10": 0.898691999574634,
      "Recall@10": 0.898691999574634,
      "NDCG@10": 0.8329794469113638,
      "HitRate@20": 0.9394916876395732,
      "Recall@20": 0.9394916876395732,
      "NDCG@20": 0.8433240001916459,
      "MRR": 0.8170543967853339
    },
    {
      "seed": 0,
      "fit_seconds": 757.2558197975159,
      "val_roc_auc": 0.9677270899268542,
      "n_users_evaluated": 28211,
      "HitRate@1": 0.7717556981319343,
      "Recall@1": 0.7717556981319343,
      "NDCG@1": 0.7717556981319343,
      "HitRate@5": 0.8593810924816561,
      "Recall@5": 0.8593810924816561,
      "NDCG@5": 0.8182053957536161,
      "HitRate@10": 0.8971323242706746,
      "Recall@10": 0.8971323242706746,
      "NDCG@10": 0.8303795670002398,
      "HitRate@20": 0.9384282726596008,
      "Recall@20": 0.9384282726596008,
      "NDCG@20": 0.8408681473324214,
      "MRR": 0.8141620302118984
    },
    {
      "seed": 1,
      "fit_seconds": 771.8923997879028,
      "val_roc_auc": 0.9689991093363959,
      "n_users_evaluated": 28211,
      "HitRate@1": 0.7741661054198716,
      "Recall@1": 0.7741661054198716,
      "NDCG@1": 0.7741661054198716,
      "HitRate@5": 0.8615788167735989,
      "Recall@5": 0.8615788167735989,
      "NDCG@5": 0.8205276561830526,
      "HitRate@10": 0.9001453333805962,
      "Recall@10": 0.9001453333805962,
      "NDCG@10": 0.8329916399019178,
      "HitRate@20": 0.9413349402715253,
      "Recall@20": 0.9413349402715253,
      "NDCG@20": 0.8434742638344701,
      "MRR": 0.8166050582061077
    }
  ],
  "per_seed_test": [
    {
      "seed": 42,
      "test_roc_auc": 0.9680613548300381,
      "n_users_evaluated": 28211,
      "HitRate@1": 0.7772854560277905,
      "Recall@1": 0.7772854560277905,
      "NDCG@1": 0.7772854560277905,
      "HitRate@5": 0.8621105242635851,
      "Recall@5": 0.8621105242635851,
      "NDCG@5": 0.8226856713673754,
      "HitRate@10": 0.8984793165786396,
      "Recall@10": 0.8984793165786396,
      "NDCG@10": 0.8344264083804738,
      "HitRate@20": 0.9383573783276027,
      "Recall@20": 0.9383573783276027,
      "NDCG@20": 0.8445158519603988,
      "MRR": 0.8188921165181672
    },
    {
      "seed": 0,
      "test_roc_auc": 0.9671425290990153,
      "n_users_evaluated": 28211,
      "HitRate@1": 0.7726773244479104,
      "Recall@1": 0.7726773244479104,
      "NDCG@1": 0.7726773244479104,
      "HitRate@5": 0.8592038566516607,
      "Recall@5": 0.8592038566516607,
      "NDCG@5": 0.8191206842301115,
      "HitRate@10": 0.8966006167806884,
      "Recall@10": 0.8966006167806884,
      "NDCG@10": 0.8312231088443709,
      "HitRate@20": 0.9361596540356598,
      "Recall@20": 0.9361596540356598,
      "NDCG@20": 0.841300910884557,
      "MRR": 0.8153416821334178
    },
    {
      "seed": 1,
      "test_roc_auc": 0.9683921964763472,
      "n_users_evaluated": 28211,
      "HitRate@1": 0.7748750487398532,
      "Recall@1": 0.7748750487398532,