{
  "model_type": "xgb",
  "dataset_type": "usercount_emb0_only",
  "experiment_name": "usercount_emb0_only",
  "dataset_dir": "/home/anci/new/correct_splits/with_genre_groups_network_fixed",
  "seeds": [
    42,
    0,
    1
  ],
  "train_rows": 43494594,
  "val_rows": 2849311,
  "test_rows": 2849311,
  "xgb_njobs": 8,
  "ohe_max_categories": 100,
  "ohe_min_frequency": 50,
  "learning_curve_max_rows": 1000000,
  "numeric_features": [
    "user_count",
    "game_emb_0"
  ],
  "categorical_features": [],
  "best_params": {
    "n_estimators": 500,
    "max_depth": 5,
    "learning_rate": 0.03,
    "min_child_weight": 5,
    "subsample": 1.0,
    "colsample_bytree": 1.0,
    "reg_lambda": 2.0,
    "reg_alpha": 0.1
  },
  "val_metrics": {
    "val_roc_auc": {
      "mean": 0.9958910633600834,
      "std": 1.1102230246251565e-16
    },
    "HitRate@1": {
      "mean": 0.9557264896671511,
      "std": 0.0
    },
    "Recall@1": {
      "mean": 0.9557264896671511,
      "std": 0.0
    },
    "NDCG@1": {
      "mean": 0.9557264896671511,
      "std": 0.0
    },
    "HitRate@5": {
      "mean": 0.9797242210485272,
      "std": 0.0
    },
    "Recall@5": {
      "mean": 0.9797242210485272,
      "std": 0.0
    },
    "NDCG@5": {
      "mean": 0.9685972421265219,
      "std": 0.0
    },
    "HitRate@10": {
      "mean": 0.9881606465563079,
      "std": 0.0
    },
    "Recall@10": {
      "mean": 0.9881606465563079,
      "std": 0.0
    },
    "NDCG@10": {
      "mean": 0.9713483920465514,
      "std": 0.0
    },
    "HitRate@20": {
      "mean": 0.9941866647761511,
      "std": 0.0
    },
    "Recall@20": {
      "mean": 0.9941866647761511,
      "std": 0.0
    },
    "NDCG@20": {
      "mean": 0.9728905585402129,
      "std": 0.0
    },
    "MRR": {
      "mean": 0.9666331813942378,
      "std": 1.1102230246251565e-16
    },
    "n_users_evaluated": 28211
  },
  "test_metrics": {
    "test_roc_auc": {
      "mean": 0.9956989212309476,
      "std": 0.0
    },
    "HitRate@1": {
      "mean": 0.9528552692212258,
      "std": 0.0
    },
    "Recall@1": {
      "mean": 0.9528552692212258,
      "std": 0.0
    },
    "NDCG@1": {
      "mean": 0.9528552692212258,
      "std": 0.0
    },
    "HitRate@5": {
      "mean": 0.9792279607245401,
      "std": 0.0
    },
    "Recall@5": {
      "mean": 0.9792279607245401,
      "std": 0.0
    },
    "NDCG@5": {
      "mean": 0.9670199796936525,
      "std": 0.0
    },
    "HitRate@10": {
      "mean": 0.9878416220623162,
      "std": 1.1102230246251565e-16
    },
    "Recall@10": {
      "mean": 0.9878416220623162,
      "std": 1.1102230246251565e-16
    },
    "NDCG@10": {
      "mean": 0.9698228477061712,
      "std": 0.0
    },
    "HitRate@20": {
      "mean": 0.9936549572861649,
      "std": 0.0
    },
    "Recall@20": {
      "mean": 0.9936549572861649,
      "std": 0.0
    },
    "NDCG@20": {
      "mean": 0.9713046652004863,
      "std": 0.0
    },
    "MRR": {
      "mean": 0.9647126537762173,
      "std": 1.1102230246251565e-16
    },
    "n_users_evaluated": 28211
  },
  "per_seed_val": [
    {
      "seed": 42,
      "fit_seconds": 208.15301847457886,
      "val_roc_auc": 0.9958910633600835,
      "n_users_evaluated": 28211,
      "HitRate@1": 0.9557264896671511,
      "Recall@1": 0.9557264896671511,
      "NDCG@1": 0.9557264896671511,
      "HitRate@5": 0.9797242210485272,
      "Recall@5": 0.9797242210485272,
      "NDCG@5": 0.9685972421265219,
      "HitRate@10": 0.9881606465563079,
      "Recall@10": 0.9881606465563079,
      "NDCG@10": 0.9713483920465514,
      "HitRate@20": 0.9941866647761511,
      "Recall@20": 0.9941866647761511,
      "NDCG@20": 0.9728905585402129,
      "MRR": 0.9666331813942379
    },
    {
      "seed": 0,
      "fit_seconds": 205.38280248641968,
      "val_roc_auc": 0.9958910633600835,
      "n_users_evaluated": 28211,
      "HitRate@1": 0.9557264896671511,
      "Recall@1": 0.9557264896671511,
      "NDCG@1": 0.9557264896671511,
      "HitRate@5": 0.9797242210485272,
      "Recall@5": 0.9797242210485272,
      "NDCG@5": 0.9685972421265219,
      "HitRate@10": 0.9881606465563079,
      "Recall@10": 0.9881606465563079,
      "NDCG@10": 0.9713483920465514,
      "HitRate@20": 0.9941866647761511,
      "Recall@20": 0.9941866647761511,
      "NDCG@20": 0.9728905585402129,
      "MRR": 0.9666331813942379
    },
    {
      "seed": 1,
      "fit_seconds": 204.79259371757507,
      "val_roc_auc": 0.9958910633600835,
      "n_users_evaluated": 28211,
      "HitRate@1": 0.9557264896671511,
      "Recall@1": 0.9557264896671511,
      "NDCG@1": 0.9557264896671511,
      "HitRate@5": 0.9797242210485272,
      "Recall@5": 0.9797242210485272,
      "NDCG@5": 0.9685972421265219,
      "HitRate@10": 0.9881606465563079,
      "Recall@10": 0.9881606465563079,
      "NDCG@10": 0.9713483920465514,
      "HitRate@20": 0.9941866647761511,
      "Recall@20": 0.9941866647761511,
      "NDCG@20": 0.9728905585402129,
      "MRR": 0.9666331813942379
    }
  ],
  "per_seed_test": [
    {
      "seed": 42,
      "test_roc_auc": 0.9956989212309476,
      "n_users_evaluated": 28211,
      "HitRate@1": 0.9528552692212258,
      "Recall@1": 0.9528552692212258,
      "NDCG@1": 0.9528552692212258,
      "HitRate@5": 0.9792279607245401,
      "Recall@5": 0.9792279607245401,
      "NDCG@5": 0.9670199796936525,
      "HitRate@10": 0.9878416220623161,
      "Recall@10": 0.9878416220623161,
      "NDCG@10": 0.9698228477061712,
      "HitRate@20": 0.9936549572861649,
      "Recall@20": 0.9936549572861649,
      "NDCG@20": 0.9713046652004863,
      "MRR": 0.9647126537762174
    },
    {
      "seed": 0,
      "test_roc_auc": 0.9956989212309476,
      "n_users_evaluated": 28211,
      "HitRate@1": 0.9528552692212258,
      "Recall@1": 0.9528552692212258,
      "NDCG@1": 0.9528552692212258,
      "HitRate@5": 0.9792279607245401,
      "Recall@5": 0.9792279607245401,
      "NDCG@5": 0.9670199796936525,
      "HitRate@10": 0.9878416220623161,
      "Recall@10": 0.9878416220623161,
      "NDCG@10": 0.9698228477061712,
      "HitRate@20": 0.9936549572861649,
      "Recall@20": 0.9936549572861649,
      "NDCG@20": 0.9713046652004863,
      "MRR": 0.9647126537762174
    },
    {
      "seed": 1,
      "test_roc_auc": 0.9956989212309476,
      "n_users_evaluated": 28211,
      "HitRate@1": 0.9528552692212258,
      "Recall@1": 0.9528552692212258,
      "NDCG@1": 0.9528552692212258,
      "HitRate@5": 0.9792279607245401,
      "Recall@5": 0.9792279607245401,
      "NDCG@5": 0.9670199796936525,
      "HitRate@10": 0.9878416220623161,
      "Recall@10": 0.9878416220623161,
      "NDCG@10": 0.9698228477061712,
      "HitRate@20": 0.9936549572861649,
      "Recall@20": 0.9936549572861649,
      "NDCG@20": 0.9713046652004863,
      "MRR": 0.9647126537762174
    }
  ]
}