{
  "model_type": "xgb",
  "dataset_type": "baseline_log_user_count",
  "experiment_name": "baseline_log_user_count",
  "dataset_dir": "/home/anci/new/correct_splits/with_genre_groups",
  "seeds": [
    42,
    0,
    1
  ],
  "train_rows": 43494594,
  "val_rows": 2849311,
  "test_rows": 2849311,
  "xgb_njobs": 8,
  "ohe_max_categories": 100,
  "ohe_min_frequency": 50,
  "learning_curve_max_rows": 1000000,
  "numeric_features": [
    "total_games_owned",
    "total_playtime_minutes",
    "median_playtime_minutes",
    "unique_genres_played",
    "game_total_playtime_minutes",
    "release_date",
    "user_playtime_group_Action",
    "user_playtime_group_Adventure",
    "user_playtime_group_RPG",
    "user_playtime_group_Casual",
    "user_playtime_group_Indie",
    "user_playtime_group_Racing",
    "user_playtime_group_Simulation",
    "user_playtime_group_Strategy",
    "user_playtime_group_Sports",
    "user_playtime_group_Violent",
    "user_playtime_group_Adult",
    "user_playtime_group_Non-gameplay_Tools",
    "user_playtime_group_Other"
  ],
  "categorical_features": [
    "country",
    "genres",
    "developer",
    "publisher",
    "platforms"
  ],
  "best_params": {
    "n_estimators": 300,
    "max_depth": 6,
    "learning_rate": 0.1,
    "min_child_weight": 5,
    "subsample": 0.8,
    "colsample_bytree": 0.8,
    "reg_lambda": 2.0,
    "reg_alpha": 0.1
  },
  "val_metrics": {
    "val_roc_auc": {
      "mean": 0.9681699993551174,
      "std": 0.0005815292585401835
    },
    "HitRate@1": {
      "mean": 0.7707631774839602,
      "std": 0.004211007946740321
    },
    "Recall@1": {
      "mean": 0.7707631774839602,
      "std": 0.004211007946740321
    },
    "NDCG@1": {
      "mean": 0.7707631774839602,
      "std": 0.004211007946740321
    },
    "HitRate@5": {
      "mean": 0.8576087341817021,
      "std": 0.0034172980057409924
    },
    "Recall@5": {
      "mean": 0.8576087341817021,
      "std": 0.0034172980057409924
    },
    "NDCG@5": {
      "mean": 0.8169868168928521,
      "std": 0.004082446507317875
    },
    "HitRate@10": {
      "mean": 0.8979830562546525,
      "std": 0.0015502479426344883
    },
    "Recall@10": {
      "mean": 0.8979830562546525,
      "std": 0.0015502479426344883
    },
    "NDCG@10": {
      "mean": 0.829991707062661,
      "std": 0.003396595528194425
    },
    "HitRate@20": {
      "mean": 0.9386291399335956,
      "std": 0.0011377503448735894
    },
    "Recall@20": {
      "mean": 0.9386291399335956,
      "std": 0.0011377503448735894
    },
    "NDCG@20": {
      "mean": 0.8403015438322717,
      "std": 0.003326024430973282
    },
    "MRR": {
      "mean": 0.8134158472765644,
      "std": 0.0039229894488949655
    },
    "n_users_evaluated": 28211
  },
  "test_metrics": {
    "test_roc_auc": {
      "mean": 0.9675035449668531,
      "std": 0.0005624782195683175
    },
    "HitRate@1": {
      "mean": 0.772960901775903,
      "std": 0.003938412515053103
    },
    "Recall@1": {
      "mean": 0.772960901775903,
      "std": 0.003938412515053103
    },
    "NDCG@1": {
      "mean": 0.772960901775903,
      "std": 0.003938412515053103
    },
    "HitRate@5": {
      "mean": 0.8591211465976629,
      "std": 0.003063851117991281
    },
    "Recall@5": {
      "mean": 0.8591211465976629,
      "std": 0.003063851117991281
    },
    "NDCG@5": {
      "mean": 0.8188189726762108,
      "std": 0.0035901050873498016
    },
    "HitRate@10": {
      "mean": 0.8965060910046908,
      "std": 0.0011432588783970334
    },
    "Recall@10": {
      "mean": 0.8965060910046908,
      "std": 0.0011432588783970334
    },
    "NDCG@10": {
      "mean": 0.8308738518958979,
      "std": 0.002888530977810371
    },
    "HitRate@20": {
      "mean": 0.9370103860196378,
      "std": 0.0014226050777632999
    },
    "Recall@20": {
      "mean": 0.9370103860196378,
      "std": 0.0014226050777632999
    },
    "NDCG@20": {
      "mean": 0.8411479819439082,
      "std": 0.0030121656345839247
    },
    "MRR": {
      "mean": 0.8149801796441439,
      "std": 0.003440693872393746
    },
    "n_users_evaluated": 28211
  },
  "per_seed_val": [
    {
      "seed": 42,
      "fit_seconds": 531.7046961784363,
      "val_roc_auc": 0.9675848595083159,
      "n_users_evaluated": 28211,
      "HitRate@1": 0.7677501683740385,
      "Recall@1": 0.7677501683740385,
      "NDCG@1": 0.7677501683740385,
      "HitRate@5": 0.8558009287157492,
      "Recall@5": 0.8558009287157492,
      "NDCG@5": 0.8144208713297612,
      "HitRate@10": 0.8961398036227004,
      "Recall@10": 0.8961398036227004,
      "NDCG@10": 0.827416677960548,
      "HitRate@20": 0.9377547765056183,
      "Recall@20": 0.9377547765056183,
      "NDCG@20": 0.837961419355058,
      "MRR": 0.810688211993524
    },
    {
      "seed": 0,
      "fit_seconds": 538.8341381549835,
      "val_roc_auc": 0.9689630419926307,
      "n_users_evaluated": 28211,
      "HitRate@1": 0.7767183013718053,
      "Recall@1": 0.7767183013718053,
      "NDCG@1": 0.7767183013718053,
      "HitRate@5": 0.8623941015915777,
      "Recall@5": 0.8623941015915777,
      "NDCG@5": 0.8227487958982277,
      "HitRate@10": 0.8999326503846018,
      "Recall@10": 0.8999326503846018,
      "NDCG@10": 0.834790946348898,
      "HitRate@20": 0.9402360781255539,
      "Recall@20": 0.9402360781255539,
      "NDCG@20": 0.8450052332224759,
      "MRR": 0.8189635355717074
    },
    {
      "seed": 1,
      "fit_seconds": 536.2825744152069,
      "val_roc_auc": 0.9679620965644053,
      "n_users_evaluated": 28211,
      "HitRate@1": 0.7678210627060367,
      "Recall@1": 0.7678210627060367,
      "NDCG@1": 0.7678210627060367,
      "HitRate@5": 0.8546311722377796,
      "Recall@5": 0.8546311722377796,
      "NDCG@5": 0.8137907834505677,
      "HitRate@10": 0.8978767147566552,
      "Recall@10": 0.8978767147566552,
      "NDCG@10": 0.827767496878537,
      "HitRate@20": 0.9378965651696147,
      "Recall@20": 0.9378965651696147,
      "NDCG@20": 0.8379379789192813,
      "MRR": 0.8105957942644616
    }
  ],
  "per_seed_test": [
    {
      "seed": 42,
      "test_roc_auc": 0.9670098515541268,
      "n_users_evaluated": 28211,
      "HitRate@1": 0.7699833398319804,
      "Recall@1": 0.7699833398319804,
      "NDCG@1": 0.7699833398319804,
      "HitRate@5": 0.8582113360036865,
      "Recall@5": 0.8582113360036865,
      "NDCG@5": 0.8172154819912589,
      "HitRate@10": 0.8951118358087271,
      "Recall@10": 0.8951118358087271,
      "NDCG@10": 0.8291170470938715,
      "HitRate@20": 0.9363014426996562,
      "Recall@20": 0.9363014426996562,
      "NDCG@20": 0.8395611181090973,
      "MRR": 0.8131311751978452
    },
    {
      "seed": 0,
      "test_roc_auc": 0.9682905515864884,
      "n_users_evaluated": 28211,
      "HitRate@1": 0.7785261068377584,
      "Recall@1": 0.7785261068377584,
      "NDCG@1": 0.7785261068377584,
      "HitRate@5": 0.8632448335755556,
      "Recall@5": 0.8632448335755556,
      "NDCG@5": 0.8237926354465341,
      "HitRate@10": 0.8979121619226543,
      "Recall@10": 0.8979121619226543,
      "NDCG@10": 0.8349460990771623,
      "HitRate@20": 0.9389954273155862,
      "Recall@20": 0.9389954273155862,
      "NDCG@20": 0.8453650245419516,
      "MRR": 0.8198025592901309
    },
    {
      "seed": 1,
      "test_roc_auc": 0.9672102317599443,
      "n_users_evaluated": 28211,
      "HitRate@1": 0.7703732586579704,
      "Recall@1": 0.7703732586579704,
      "NDCG@1": 0.7703732586579704,
      "HitRate@5": 0.8559072702137465,
      "Recall@5": 0.8559072702137465,
      "NDCG@5": 0.8154488005908394,
      "HitRate@10": 0.8964942752826911,
      "Recall@10": 0.8964942752826911,
      "NDCG@10": 0.8285584095166599,
      "HitRate@20": 0.9357342880436709,
      "Recall@20": 0.9357342880436709,
      "NDCG@20": 0.8385178031806753,
      "MRR": 0.8120068044444556
    }
  ]
}