{
  "config": {
    "hidden_channels": 256,
    "num_layers": 4,
    "lr": 0.0005,
    "loss": "bpr",
    "mode": "no_net",
    "seeds": [
      42,
      0,
      1
    ]
  },
  "val_metrics": {
    "HitRate@1": {
      "mean": 0.18480970779719494,
      "std": 0.0004524048472599752
    },
    "HitRate@5": {
      "mean": 0.4871031394373353,
      "std": 0.0016899374172042844
    },
    "HitRate@10": {
      "mean": 0.6859499249701653,
      "std": 0.0035556097123156114
    },
    "HitRate@20": {
      "mean": 0.8767265723772052,
      "std": 0.0009918170818206853
    },
    "Recall@1": {
      "mean": 0.18480970779719494,
      "std": 0.0004524048472599752
    },
    "Recall@5": {
      "mean": 0.4871031394373353,
      "std": 0.0016899374172042844
    },
    "Recall@10": {
      "mean": 0.6859499249701653,
      "std": 0.0035556097123156114
    },
    "Recall@20": {
      "mean": 0.8767265723772052,
      "std": 0.0009918170818206853
    },
    "NDCG@1": {
      "mean": 0.18480970779719494,
      "std": 0.0004524048472599752
    },
    "NDCG@5": {
      "mean": 0.3381559839050638,
      "std": 0.0005485442261557967
    },
    "NDCG@10": {
      "mean": 0.402320994334266,
      "std": 0.001101762636119061
    },
    "NDCG@20": {
      "mean": 0.4507985370383582,
      "std": 0.0005441497444439679
    },
    "MRR": {
      "mean": 0.3333840697654513,
      "std": 0.0003268816579309843
    },
    "n_users_evaluated": 28211
  },
  "test_metrics": {
    "HitRate@1": {
      "mean": 0.19349426346696916,
      "std": 0.0013380490037590157
    },
    "HitRate@5": {
      "mean": 0.4990606501010244,
      "std": 0.001337944660248611
    },
    "HitRate@10": {
      "mean": 0.694847163635934,
      "std": 0.002172294059155426
    },
    "HitRate@20": {
      "mean": 0.8789833752791464,
      "std": 0.0022754393348245953
    },
    "Recall@1": {
      "mean": 0.19349426346696916,
      "std": 0.0013380490037590157
    },
    "Recall@5": {
      "mean": 0.4990606501010244,
      "std": 0.001337944660248611
    },
    "Recall@10": {
      "mean": 0.694847163635934,
      "std": 0.002172294059155426
    },
    "Recall@20": {
      "mean": 0.8789833752791464,
      "std": 0.0022754393348245953
    },
    "NDCG@1": {
      "mean": 0.19349426346696916,
      "std": 0.0013380490037590157
    },
    "NDCG@5": {
      "mean": 0.348760064963946,
      "std": 0.0013111231349384957
    },
    "NDCG@10": {
      "mean": 0.41193505629037436,
      "std": 0.0015683744717801165
    },
    "NDCG@20": {
      "mean": 0.45870021692929347,
      "std": 0.0015582178835949674
    },
    "MRR": {
      "mean": 0.34252763349906906,
      "std": 0.001310355405905057
    },
    "n_users_evaluated": 28211
  },
  "per_seed_val": [
    {
      "HitRate@1": 0.1842189216972103,
      "HitRate@5": 0.4894899152812733,
      "HitRate@10": 0.6909007124880365,
      "HitRate@20": 0.8780617489631704,
      "Recall@1": 0.1842189216972103,
      "Recall@5": 0.4894899152812733,
      "Recall@10": 0.6909007124880365,
      "Recall@20": 0.8780617489631704,
      "NDCG@1": 0.1842189216972103,
      "NDCG@5": 0.3388677907209292,
      "NDCG@10": 0.40387720786987696,
      "NDCG@20": 0.45147660593178374,
      "MRR": 0.33365147840384973,
      "n_users_evaluated": 28211.0
    },
    {
      "HitRate@1": 0.1848924178511928,
      "HitRate@5": 0.48601609301336357,
      "HitRate@10": 0.6842366452802099,
      "HitRate@20": 0.8756867888412322,
      "Recall@1": 0.1848924178511928,
      "Recall@5": 0.48601609301336357,
      "Recall@10": 0.6842366452802099,
      "Recall@20": 0.8756867888412322,
      "NDCG@1": 0.1848924178511928,
      "NDCG@5": 0.33753296732871935,
      "NDCG@10": 0.4014760225291994,
      "NDCG@20": 0.4501443592141263,
      "MRR": 0.33292379708814007,
      "n_users_evaluated": 28211.0
    },
    {
      "HitRate@1": 0.18531778384318173,
      "HitRate@5": 0.4858034100173691,
      "HitRate@10": 0.6827124171422495,
      "HitRate@20": 0.8764311793272128,
      "Recall@1": 0.18531778384318173,
      "Recall@5": 0.4858034100173691,
      "Recall@10": 0.6827124171422495,
      "Recall@20": 0.8764311793272128,
      "NDCG@1": 0.18531778384318173,
      "NDCG@5": 0.33806719366554294,
      "NDCG@10": 0.4016097526037216,
      "NDCG@20": 0.45077464596916444,
      "MRR": 0.33357693380436415,
      "n_users_evaluated": 28211.0
    }
  ],
  "per_seed_test": [
    {
      "HitRate@1": 0.19538477898692,
      "HitRate@5": 0.5009393498989756,
      "HitRate@10": 0.6979192513558541,
      "HitRate@20": 0.8821381730530644,
      "Recall@1": 0.19538477898692,
      "Recall@5": 0.5009393498989756,
      "Recall@10": 0.6979192513558541,
      "Recall@20": 0.8821381730530644,
      "NDCG@1": 0.19538477898692,
      "NDCG@5": 0.3505992378359478,
      "NDCG@10": 0.41415160458509725,
      "NDCG@20": 0.46090364472310436,
      "MRR": 0.3443752040545055,
      "n_users_evaluated": 28211.0
    },
    {
      "HitRate@1": 0.19261990003899188,
      "HitRate@5": 0.4983162596150438,
      "HitRate@10": 0.6933111197759739,
      "HitRate@20": 0.8768565453192018,
      "Recall@1": 0.19261990003899188,
      "Recall@5": 0.4983162596150438,
      "Recall@10": 0.6933111197759739,
      "Recall@20": 0.8768565453192018,
      "NDCG@1": 0.19261990003899188,
      "NDCG@5": 0.3480445573671866,
      "NDCG@10": 0.4108966603833187,
      "NDCG@20": 0.4575712280029842,
      "MRR": 0.34172798208735944,
      "n_users_evaluated": 28211.0
    },
    {
      "HitRate@1": 0.19247811137499557,
      "HitRate@5": 0.4979263407890539,
      "HitRate@10": 0.6933111197759739,
      "HitRate@20": 0.8779554074651732,
      "Recall@1": 0.19247811137499557,
      "Recall@5": 0.4979263407890539,
      "Recall@10": 0.6933111197759739,
      "Recall@20": 0.8779554074651732,
      "NDCG@1": 0.19247811137499557,
      "NDCG@5": 0.34763639968870386,
      "NDCG@10": 0.41075690390270725,
      "NDCG@20": 0.4576257780617918,
      "MRR": 0.34147971435534236,
      "n_users_evaluated": 28211.0
    }
  ],
  "train_roc_history": [
    [
      0.8681005896635449,
      0.87046363741473,
      0.8728446063128685,
      0.8878769799976878,
      0.8867164990172275,
      0.895557983581917,
      0.8995543993525262,
      0.8978537403167997,
      0.8954075615678113,
      0.8961440628974446,
      0.9016279338651868,
      0.8941863799283152,
      0.8980686784599375,
      0.899891663776159,
      0.9092154006243497,
      0.8982634986703665,
      0.9071053300959648,
      0.9061540062434963,
      0.908783558792924,
      0.9042078853046595
    ],
    [
      0.8564601688056424,
      0.8636951092611863,
      0.8743869811538907,
      0.8828770956179907,
      0.8832586426176436,
      0.8799276216903688,
      0.8882067291016302,
      0.8994021274135738,
      0.8984236327899178,
      0.8950234709214938,
      0.8989564111457972,
      0.8922263845531275,
      0.9009416117470229,
      0.8984881489189501,
      0.907122210660192,
      0.9002679500520291,
      0.9164027055150885,
      0.8995426060816281,
      0.9001338883107872,
      0.9082004856052722
    ],
    [
      0.8708713724129957,
      0.8738229853162215,
      0.8761130766562608,
      0.8837397386981153,
      0.8831555093074344,
      0.8800202335530118,
      0.8913504451381663,
      0.8861855705861951,
      0.8935315065325471,
      0.9011247543068563,
      0.9033331020927274,
      0.8987430916869003,
      0.9003608509654295,
      0.9011805989131692,
      0.9036680541103018,
      0.9057114117238987,
      0.907031101861487,
      0.9041005896635448,
      0.8995572898600994,
      0.9031634871083362
    ]
  ],