{
  "model_type": "lr",
  "dataset_type": "baseline",
  "seed": 42,
  "train_rows": 43494594,
  "val_rows": 2849311,
  "test_rows": 2849311,
  "features_numeric": [
    "total_games_owned",
    "total_playtime_minutes",
    "median_playtime_minutes",
    "unique_genres_played",
    "user_count",
    "game_total_playtime_minutes",
    "release_date",
    "user_playtime_group_Action",
    "user_playtime_group_Adventure",
    "user_playtime_group_RPG",
    "user_playtime_group_Casual",
    "user_playtime_group_Indie",
    "user_playtime_group_Racing",
    "user_playtime_group_Simulation",
    "user_playtime_group_Strategy",
    "user_playtime_group_Sports",
    "user_playtime_group_Violent",
    "user_playtime_group_Adult",
    "user_playtime_group_Non-gameplay_Tools",
    "user_playtime_group_Other"
  ],
  "features_categorical": [
    "country",
    "genres",
    "developer",
    "publisher",
    "platforms"
  ],
  "best_params": {
    "C": 1.0,
    "class_weight": "balanced"
  },
  "best_val": {
    "trial": 2,
    "C": 1.0,
    "class_weight": "balanced",
    "fit_seconds": 10079.65494608879,
    "val_roc_auc": 0.9035944866650824,
    "n_users_evaluated": 28211,
    "HitRate@1": 0.16156818262379924,
    "Recall@1": 0.16156818262379924,
    "NDCG@1": 0.16156818262379924,
    "HitRate@5": 0.5688915671192089,
    "Recall@5": 0.5688915671192089,
    "NDCG@5": 0.3668873456597548,
    "HitRate@10": 0.748041544078551,
    "Recall@10": 0.748041544078551,
    "NDCG@10": 0.4256718076271993,
    "HitRate@20": 0.8434653149480699,
    "Recall@20": 0.8434653149480699,
    "NDCG@20": 0.44995329682637203,
    "MRR": 0.3365889312515922
  },
  "test_roc_auc": 0.9035307763305926,
  "n_users_evaluated": 28211,
  "HitRate@1": 0.1609655808018149,
  "Recall@1": 0.1609655808018149,
  "NDCG@1": 0.1609655808018149,
  "HitRate@5": 0.5760873418170217,
  "Recall@5": 0.5760873418170217,
  "NDCG@5": 0.37077277924236496,
  "HitRate@10": 0.748537804402538,
  "Recall@10": 0.748537804402538,
  "NDCG@10": 0.42749191661367153,
  "HitRate@20": 0.8400269398461593,
  "Recall@20": 0.8400269398461593,
  "NDCG@20": 0.45076122932644225,
  "MRR": 0.3383544483777126
}