{
  "model_type": "lr",
  "dataset_type": "baseline",
  "config": {
    "solver": "saga",
    "penalty": "l2",
    "max_iter": 300,
    "seeds": [
      42,
      0,
      1
    ],
    "best_params": {
      "C": 1.0,
      "class_weight": "balanced"
    }
  },
  "train_rows": 43494594,
  "val_rows": 2849311,
  "test_rows": 2849311,
  "features_numeric": [
    "total_games_owned",
    "total_playtime_minutes",
    "median_playtime_minutes",
    "unique_genres_played",
    "user_count",
    "game_total_playtime_minutes",
    "release_date",
    "user_playtime_group_Action",
    "user_playtime_group_Adventure",
    "user_playtime_group_RPG",
    "user_playtime_group_Casual",
    "user_playtime_group_Indie",
    "user_playtime_group_Racing",
    "user_playtime_group_Simulation",
    "user_playtime_group_Strategy",
    "user_playtime_group_Sports",
    "user_playtime_group_Violent",
    "user_playtime_group_Adult",
    "user_playtime_group_Non-gameplay_Tools",
    "user_playtime_group_Other"
  ],
  "features_categorical": [
    "country",
    "genres",
    "developer",
    "publisher",
    "platforms"
  ],
  "val_metrics": {
    "ROC-AUC": {
      "mean": 0.903594599658081,
      "std": 1.178112394691065e-07
    },
    "HitRate@1": {
      "mean": 0.16156818262379924,
      "std": 0.0
    },
    "Recall@1": {
      "mean": 0.16156818262379924,
      "std": 0.0
    },
    "NDCG@1": {
      "mean": 0.16156818262379924,
      "std": 0.0
    },
    "HitRate@5": {
      "mean": 0.5688679356752094,
      "std": 1.670995430121773e-05
    },
    "Recall@5": {
      "mean": 0.5688679356752094,
      "std": 1.670995430121773e-05
    },
    "NDCG@5": {
      "mean": 0.36687820376930463,
      "std": 6.464292730177521e-06
    },
    "HitRate@10": {
      "mean": 0.7480179126345515,
      "std": 1.670995430121773e-05
    },
    "Recall@10": {
      "mean": 0.7480179126345515,
      "std": 1.670995430121773e-05
    },
    "NDCG@10": {
      "mean": 0.4256643763069805,
      "std": 5.254971836783808e-06
    },
    "HitRate@20": {
      "mean": 0.8434416835040706,
      "std": 1.6709954301165392e-05
    },
    "Recall@20": {
      "mean": 0.8434416835040706,
      "std": 1.6709954301165392e-05
    },
    "NDCG@20": {
      "mean": 0.4499470627766107,
      "std": 4.4127459978890805e-06
    },
    "MRR": {
      "mean": 0.33658801407423106,
      "std": 6.696343512401449e-07
    },
    "n_users_evaluated": 28211
  },
  "test_metrics": {
    "ROC-AUC": {
      "mean": 0.9035308858263286,
      "std": 9.138908377262553e-08
    },
    "HitRate@1": {
      "mean": 0.1609655808018149,
      "std": 0.0
    },
    "Recall@1": {
      "mean": 0.1609655808018149,
      "std": 0.0
    },
    "NDCG@1": {
      "mean": 0.1609655808018149,
      "std": 0.0
    },
    "HitRate@5": {
      "mean": 0.5760873418170217,
      "std": 0.0
    },
    "Recall@5": {
      "mean": 0.5760873418170217,
      "std": 0.0
    },
    "NDCG@5": {
      "mean": 0.37077359834888285,
      "std": 1.1583915466032796e-06
    },
    "HitRate@10": {
      "mean": 0.748537804402538,
      "std": 0.0
    },
    "Recall@10": {
      "mean": 0.748537804402538,
      "std": 0.0
    },
    "NDCG@10": {
      "mean": 0.4274927357201894,
      "std": 1.1583915466032796e-06
    },
    "HitRate@20": {
      "mean": 0.8400269398461594,
      "std": 1.1102230246251565e-16
    },
    "Recall@20": {
      "mean": 0.8400269398461594,
      "std": 1.1102230246251565e-16
    },
    "NDCG@20": {
      "mean": 0.45076201238751207,
      "std": 1.2636092896998292e-06
    },
    "MRR": {
      "mean": 0.3383555473260344,
      "std": 1.4988654424542813e-06
    },
    "n_users_evaluated": 28211
  },
  "per_seed_val": [
    {
      "seed": 42,
      "ROC-AUC": 0.9035944866650824,
      "n_users_evaluated": 28211,
      "HitRate@1": 0.16156818262379924,
      "Recall@1": 0.16156818262379924,
      "NDCG@1": 0.16156818262379924,
      "HitRate@5": 0.5688915671192089,
      "Recall@5": 0.5688915671192089,
      "NDCG@5": 0.3668873456597548,
      "HitRate@10": 0.748041544078551,
      "Recall@10": 0.748041544078551,
      "NDCG@10": 0.4256718076271993,
      "HitRate@20": 0.8434653149480699,
      "Recall@20": 0.8434653149480699,
      "NDCG@20": 0.44995329682637203,
      "MRR": 0.3365889312515922
    },
    {
      "seed": 0,
      "ROC-AUC": 0.9035945501184122,
      "n_users_evaluated": 28211,
      "HitRate@1": 0.16156818262379924,
      "Recall@1": 0.16156818262379924,
      "NDCG@1": 0.16156818262379924,
      "HitRate@5": 0.5688561199532097,
      "Recall@5": 0.5688561199532097,
      "NDCG@5": 0.36687363282407953,
      "HitRate@10": 0.7480060969125518,
      "Recall@10": 0.7480060969125518,
      "NDCG@10": 0.4256607215021302,
      "HitRate@20": 0.8434298677820709,
      "Recall@20": 0.8434298677820709,
      "NDCG@20": 0.44994369885389174,
      "MRR": 0.3365873512687229
    },
    {
      "seed": 1,
      "ROC-AUC": 0.9035947621907482,
      "n_users_evaluated": 28211,
      "HitRate@1": 0.16156818262379924,
      "Recall@1": 0.16156818262379924,
      "NDCG@1": 0.16156818262379924,
      "HitRate@5": 0.5688561199532097,
      "Recall@5": 0.5688561199532097,
      "NDCG@5": 0.36687363282407953,
      "HitRate@10": 0.7480060969125518,
      "Recall@10": 0.7480060969125518,
      "NDCG@10": 0.4256605997916121,
      "HitRate@20": 0.8434298677820709,
      "Recall@20": 0.8434298677820709,
      "NDCG@20": 0.44994419264956825,
      "MRR": 0.33658775970237803
    }
  ],
  "per_seed_test": [
    {
      "seed": 42,
      "ROC-AUC": 0.9035307763305926,
      "n_users_evaluated": 28211,
      "HitRate@1": 0.1609655808018149,
      "Recall@1": 0.1609655808018149,
      "NDCG@1": 0.1609655808018149,
      "HitRate@5": 0.5760873418170217,
      "Recall@5": 0.5760873418170217,
      "NDCG@5": 0.37077277924236496,
      "HitRate@10": 0.748537804402538,
      "Recall@10": 0.748537804402538,
      "NDCG@10": 0.42749191661367153,
      "HitRate@20": 0.8400269398461593,
      "Recall@20": 0.8400269398461593,
      "NDCG@20": 0.45076122932644225,
      "MRR": 0.3383544483777126
    },
    {
      "seed": 0,
      "ROC-AUC": 0.9035308811102594,
      "n_users_evaluated": 28211,
      "HitRate@1": 0.1609655808018149,
      "Recall@1": 0.1609655808018149,
      "NDCG@1": 0.1609655808018149,
      "HitRate@5": 0.5760873418170217,
      "Recall@5": 0.5760873418170217,
      "NDCG@5": 0.3707752365619186,
      "HitRate@10": 0.748537804402538,
      "Recall@10": 0.748537804402538,
      "NDCG@10": 0.42749437393322515,
      "HitRate@20": 0.8400269398461593,
      "Recall@20": 0.8400269398461593,
      "NDCG@20": 0.4507637950234263,
      "MRR": 0.33835766655522753
    },
    {
      "seed": 1,
      "ROC-AUC": 0.9035310000381336,
      "n_users_evaluated": 28211,
      "HitRate@1": 0.1609655808018149,
      "Recall@1": 0.1609655808018149,
      "NDCG@1": 0.1609655808018149,
      "HitRate@5": 0.5760873418170217,
      "Recall@5": 0.5760873418170217,
      "NDCG@5": 0.37077277924236496,
      "HitRate@10": 0.748537804402538,
      "Recall@10": 0.748537804402538,
      "NDCG@10": 0.42749191661367153,
      "HitRate@20": 0.8400269398461593,
      "Recall@20": 0.8400269398461593,
      "NDCG@20": 0.4507610128126678,
      "MRR": 0.3383545270451629
    }
  ]
}